DWS TOP DIVIDENDE;;;;;;
WKN: 984811;;;;;;
ISIN: DE0009848119;;;;;;
Typ: Fonds;;;;;;
Quelle: http://www.ariva.de/dws_top_dividende-fonds/historische_kurse;;;;;;
Datum;Erster;Hoch;Tief;Schlusskurs;Stuecke;Volumen
15.08.2020;91,5;91,5;90,49;91,07;130;11.820
14.08.2020;91,23;91,55;91,17;91,2;3.122;284.947
13.08.2020;91,2;91,2;90,24;90,89;3.641;331.317
10.08.2020;90,12;90,71;90;90,71;2.255;203.577
09.08.2020;90,27;90,41;89,82;90,41;358;32.279
08.08.2020;89,93;90,31;89,75;89,85;2.945;264.938
07.08.2020;90,1;90,8;90,05;90,75;311;28.100
06.08.2020;90,2;91,66;90,2;91,66;352;32.129
03.08.2020;88,57;90,34;88,57;89,91;1.060;95.509
02.08.2020;89,88;89,89;88,91;88,91;4.158;372.777
01.08.2020;89;90,28;89;89,88;1.207;108.572
31.07.2020;90,49;90,49;89,29;89,95;365;32.873
30.07.2020;89,9;89,98;88,89;89,22;240;21.491
27.07.2020;89,6;89,67;88,54;88,63;91;8.105
26.07.2020;88,98;89,2;88,07;88,6;517;45.848
25.07.2020;88,71;88,71;88,02;88,21;1.080;95.470
24.07.2020;87,89;89,1;87,89;88,15;1.309;116.315
23.07.2020;89,12;89,12;87,27;88,01;1.706;150.179
20.07.2020;88,69;89,67;88,69;88,77;203;18.143
19.07.2020;89,75;89,75;88,73;89,68;646;57.716
18.07.2020;88;88,39;87,94;87,95;1.186;104.473
17.07.2020;87,79;88,69;87,79;88,69;664;58.650
16.07.2020;87,81;88,27;87,52;87,63;765;67.314
13.07.2020;86,56;87,99;86,56;87,99;2.165;189.656
12.07.2020;87,01;87,34;86,58;87,27;1.270;110.453
11.07.2020;86,43;87,36;86,43;87,36;623;54.227
10.07.2020;86,61;87,56;86,61;86,85;2.260;196.860
09.07.2020;86,69;86,88;86,38;86,78;120;10.415
06.07.2020;85,83;86,87;85,83;86,48;517;44.888
05.07.2020;86,43;86,65;86,02;86,4;1.157;100.119
04.07.2020;85,95;86,36;85,61;86,32;637;54.982
03.07.2020;85,39;86,54;85,39;86,54;546;46.925
02.07.2020;84,81;85,99;84,81;85,99;766;65.634
29.06.2020;84,76;85;84,21;84,96;1.147;97.148
28.06.2020;84,03;84,43;83,74;84,07;1.627;136.739
27.06.2020;83,48;84,2;83,47;83,94;406;34.106
26.06.2020;83,26;83,58;83;83;129;10.782
25.06.2020;83,47;83,76;83;83;207;17.289
22.06.2020;83,25;84,41;83,25;83,79;152;12.732
21.06.2020;84,28;84,28;83,88;84;216;18.186
20.06.2020;85,49;85,49;83,98;85,16;342;28.854
19.06.2020;83,39;85;83,39;85;715;60.324
18.06.2020;83,44;84,15;83,44;84,14;1.108;93.021
15.06.2020;83,16;83,79;83,12;83,78;441;36.859
14.06.2020;82,91;83,22;82,59;83,01;720;59.660
13.06.2020;83,23;84,02;83,04;83,09;1.534;128.224
12.06.2020;82,5;83,12;82,34;83,12;260;21.599
11.06.2020;83,14;83,74;82,88;82,88;685;57.233
08.06.2020;81,6;82,88;81,6;82,13;1.048;85.873
07.06.2020;81,6;82,88;81,6;82,37;1.011;82.816
06.06.2020;81,6;82,05;81,6;81,82;932;76.268
05.06.2020;81,31;81,73;81,25;81,42;658;53.667
04.06.2020;80,7;81,61;80,7;81,03;549;44.698
01.06.2020;83,1;83,14;81,37;82,22;939;77.160
31.05.2020;82,81;83,4;82,55;82,55;507;42.133
30.05.2020;82,85;83,42;82,52;83,42;803;66.647
29.05.2020;82,58;83,95;82,58;82,99;384;32.134
25.05.2020;82,22;83,38;82,22;82,58;415;34.577
24.05.2020;82,7;83,29;81,91;83,29;360;29.693
23.05.2020;81,57;82,34;81,29;81,29;1.439;118.467
22.05.2020;81,6;82,67;81,6;82,53;1.330;109.661
21.05.2020;81,07;82,4;81,07;82,04;482;39.379
18.05.2020;81,97;82,73;81,69;82,4;2.193;179.927
16.05.2020;82,6;82,6;82,4;82,4;212;17.461
15.05.2020;82,73;83,21;82,69;82,69;786;65.374
14.05.2020;83,37;83,37;82,5;82,5;1.455;120.511
11.05.2020;83,58;83,58;82,71;83,32;354;29.382
10.05.2020;82,77;83,77;82,7;83,77;617;51.658
09.05.2020;83,12;83,12;82,64;83,02;30;2.479
08.05.2020;83,57;84,08;82,8;82,8;1.880;157.659
07.05.2020;82,59;83,64;82,52;83,64;190;15.736
04.05.2020;83,5;83,9;83,45;83,56;855;71.383
03.05.2020;84,22;84,28;83,47;83,47;788;66.156
02.05.2020;83,45;83,54;83,18;83,18;70;5.846
30.04.2020;83,54;83,6;83,21;83,21;176;14.700
27.04.2020;82,76;84,11;82,76;84,11;112;9.420
26.04.2020;82,62;83,3;82,58;82,66;1.886;157.010
25.04.2020;82,62;83,18;82,54;82,54;230;19.112
24.04.2020;82,5;82,5;82,13;82,13;30;2.474
23.04.2020;82,82;82,82;82,05;82,06;1.418;116.911
20.04.2020;82,18;82,53;82,18;82,42;48;3.960
19.04.2020;82,8;83,31;82,67;82,67;1.252;104.275
18.04.2020;82,78;84,2;82,71;82,8;366;30.445
17.04.2020;83,33;83,45;82,5;83,45;2.654;220.157
16.04.2020;82,48;83,06;82,17;82,4;1.530;126.545
13.04.2020;82,5;82,75;82,14;82,58;384;31.681
12.04.2020;82,05;82,5;81,82;82,5;1.032;84.890
11.04.2020;81,47;82,54;81,47;82,11;737;60.730
10.04.2020;83,58;83,58;81,88;82,15;1.870;154.222
05.04.2020;82,9;83,76;82,69;83,02;697;57.820
04.04.2020;83,24;83,95;82,5;82,63;964;79.964
03.04.2020;83,79;83,79;83,45;83,45;31;2.591
02.04.2020;84,62;84,62;83,29;83,73;620;52.111
30.03.2020;83,13;83,38;83;83,38;;
29.03.2020;83,64;83,64;83,05;83,05;428;35.611
28.03.2020;83,72;84,2;83,49;83,49;7;589
27.03.2020;84;84,52;83,9;83,9;67;5.634
26.03.2020;83,31;83,71;83,19;83,42;1.043;87.185
23.03.2020;83,3;83,74;83,17;83,74;10;837
22.03.2020;83,6;83,79;83,18;83,5;2.493;208.855
21.03.2020;84,43;84,43;83,69;83,97;3.281;275.635
20.03.2020;84,3;84,72;84,3;84,31;350;29.590
19.03.2020;84,89;84,89;84,35;84,5;304;25.780
16.03.2020;84,6;84,97;84,57;84,81;323;27.421
15.03.2020;84,67;85,31;84,67;85,23;700;59.620
14.03.2020;85;85,41;84,45;85,12;1.144;97.271
13.03.2020;84,09;84,95;84,02;84,3;755;63.778
12.03.2020;83,6;84,14;83,57;83,71;379;31.857
09.03.2020;83,82;84,41;83,6;83,86;285;23.921
08.03.2020;82,79;83,8;82,77;82,77;1.817;151.315
06.03.2020;83,19;83,41;82,93;82,93;354;29.415
05.03.2020;84,07;84,07;83,14;83,32;2.857;238.211
02.03.2020;83,95;84,09;83,4;83,4;678;56.955
01.03.2020;82,62;83,12;82,5;83,05;602;49.945
29.02.2020;82,56;83,58;82,56;82,68;759;63.291
28.02.2020;82,95;83;82,45;82,71;970;80.373
27.02.2020;82,83;82,91;82,41;82,78;445;36.837
24.02.2020;82,96;83,41;82,83;83,41;325;27.105
23.02.2020;82,92;83,45;82,83;83,42;915;76.128
22.02.2020;83;83,04;82,82;82,82;1.080;89.565
21.02.2020;83,05;83,68;83;83,29;1.441;120.181
20.02.2020;83,97;84;83,59;83,66;503;42.210
17.02.2020;83,24;83,74;83,15;83,74;870;72.518
16.02.2020;82,4;83,12;82,4;82,76;155;12.807
15.02.2020;82,78;83,19;82,76;83,07;838;69.505
14.02.2020;82;82,22;82;82;0;0
13.02.2020;82,15;82,44;81,98;82,08;1.342;110.183
10.02.2020;81,65;82,24;81,65;81,91;2.051;168.071
09.02.2020;82,41;82,72;82,21;82,21;105;8.666
08.02.2020;82,7;83,26;82,59;82,59;2.584;214.562
07.02.2020;82,91;82,96;82,52;82,56;1.331;110.163
06.02.2020;82,62;83;82,37;82,37;509;42.169
03.02.2020;82;82,95;81,95;82,95;1.226;100.722
02.02.2020;82;82,99;82;82,65;357;29.518
01.02.2020;81,53;82,53;81,28;82,53;3.647;298.447
31.01.2020;81,39;81,45;81,13;81,36;1.040;84.706
30.01.2020;81,02;81,39;81;81;626;50.817
27.01.2020;81,36;81,97;81,25;81,41;2.015;164.457
26.01.2020;81,33;82,06;81,25;81,33;1.052;85.959
25.01.2020;81,9;82,05;81,5;81,5;574;46.909
24.01.2020;81,98;82,24;81,6;81,77;563;46.129
23.01.2020;82,48;82,48;81,98;81,99;478;39.282
20.01.2020;81,83;81,98;81,83;81,98;0;0
19.01.2020;82,48;82,8;82,15;82,3;1.188;97.900
18.01.2020;82,26;82,73;82;82,3;1.446;119.283
17.01.2020;82,98;82,98;82,32;82,68;520;43.098
16.01.2020;82,08;82,41;81,19;81,97;10.732;874.668
13.01.2020;82;82,29;81,86;82,21;2.677;219.890
12.01.2020;82,73;82,73;81,5;82,13;3.354;276.825
11.01.2020;82,07;82,73;81,5;81,5;8.052;660.765
10.01.2020;82,18;82,76;82,18;82,22;680;19.744.859
09.01.2020;82,45;82,49;81,85;82,45;688;64.030.275
06.01.2020;82,12;82,39;81,92;82,17;393;32.298.810
05.01.2020;81,39;82,13;81,39;82;738;38.078.740
04.01.2020;81,55;82,43;81,48;82,41;269;17.307.100
03.01.2020;81,34;82,05;81,25;82,05;627;44.343.759
02.01.2020;81,35;81,91;80,95;81,91;497;48.363.318
30.12.2019;80,51;80,96;80,36;80,37;265;23.820.600
29.12.2019;80;81,05;79,71;81,05;40;4.863.000
28.12.2019;80,23;80,9;80;80,2;4.048;381.864.000
27.12.2019;80,13;80,99;80;80,2;453;20.403.740
23.12.2019;80,5;81,11;79,65;81,11;676;18.611.000
22.12.2019;79;79,41;78,62;79,41;80;11.663.550
21.12.2019;79,56;79,9;77,84;79,69;6.916;387.695.449
20.12.2019;78,61;79,4;77,58;79,4;2.150;180.961.000
19.12.2019;77,69;78,01;77,69;77,8;0;0
16.12.2019;77,96;78,84;77,84;77,96;90;0
15.12.2019;77,93;78,15;77,31;77,94;135;2.727.550
14.12.2019;78,2;78,44;77,36;78,16;1.991;114.384.807
13.12.2019;77,99;78,53;77,05;78,53;79;13.499.880
12.12.2019;77,71;78,15;77,05;77,51;81;4.992.640
09.12.2019;77,4;78,64;77,17;78,64;146;1.887.360
08.12.2019;78,49;78,49;76,81;77,05;755;9.811.250
07.12.2019;78,46;78,86;76,91;76,91;130;7.846.000
06.12.2019;77,72;78,3;76,95;78,3;310;12.528.000
05.12.2019;77,95;78,94;77,39;78,77;7.298;33.921.470
02.12.2019;78,26;78,39;78,18;78,39;12;0
01.12.2019;78,28;78,28;77,31;77,39;346;19.984.420
30.11.2019;75,39;77,52;75,39;77,52;96;753.900
29.11.2019;75,48;76,39;75,19;76,39;2.835;218.911.200
28.11.2019;74,72;76,35;74,5;75,53;4.212;896.640
25.11.2019;74,09;74,29;73,17;74,11;511;20.478.041
24.11.2019;74,5343;74,9296;73,4736;74,0425;2.096;0
23.11.2019;74,2836;74,7753;73,975;73,975;532;39.586.119
22.11.2019;75,0742;75,4599;74,5343;74,5343;156;0
21.11.2019;75,5756;76,077;75,5081;75,5756;207;0
18.11.2019;76,6073;76,6073;75,7877;75,9806;264;397.250
17.11.2019;77,3209;77,3209;76,8195;76,8484;222;5.212.350
16.11.2019;76,8966;77,1377;76,7809;76,9352;143;15.319.680
15.11.2019;77,3209;77,3209;76,3373;76,858;18;801.900
14.11.2019;77,0894;77,6873;76,9834;77,0027;875;157.964.080
11.11.2019;76,6748;77,4173;76,3566;77,4173;764;37.811.498
10.11.2019;75,0839;76,3277;75,0839;76,3277;59;20.195.800
09.11.2019;76,617;77,0027;76,2409;76,5784;36;9.530.400
08.11.2019;76,3373;77,3883;76,3373;76,6845;122;0
07.11.2019;76,0674;76,8291;76,0674;76,2024;2.340;6.405.700
04.11.2019;76,6073;77,3401;76,6073;77,3401;2.385;64.168.000
03.11.2019;75,7685;77,0702;75,0742;77,0702;704;25.076.700
02.11.2019;75,1321;76,3373;75,1321;76,212;690;3.951.000
01.11.2019;75,6045;77,1184;74,891;75,0164;329;17.144.620
31.10.2019;76,9352;77,2051;76,7134;76,7134;311;17.662.320
28.10.2019;77,774;78,0922;76,9352;77,1473;2.264;169.385.984
27.10.2019;76,9352;77,9669;76,8966;77,3112;773;30.024.000
26.10.2019;76,1734;76,993;75,5467;76,5013;654;26.584.800
25.10.2019;76,8387;77,4558;76,4531;76,4531;521;24.993.049
24.10.2019;77,2726;77,2823;76,2891;77,0991;1.006;38.136.279
21.10.2019;75,3538;76,3181;75,296;76,3181;0;0
20.10.2019;74,6692;75,7588;74,6692;74,8332;57;4.133.680
19.10.2019;75,7492;76,2313;75,2671;75,7492;94;0
18.10.2019;74,7367;75,026;73,8882;74,4185;581;11.294.680
17.10.2019;76,7038;76,8195;75,5178;75,5178;193;11.324.250
14.10.2019;75,1224;75,2092;74,8235;75,1224;347;0
13.10.2019;75,4117;75,5949;74,6596;75,2092;12;2.808.000
12.10.2019;75,6431;75,6817;74,5439;75,6431;156;0
11.10.2019;74,9007;75,1031;74,7464;75,1031;0;0
10.10.2019;74,4185;75,4021;74,3125;75,4021;187;11.730.000
07.10.2019;74,1871;74,8428;73,3675;74,8428;169;6.985.800
06.10.2019;73,8207;74,0907;73,1169;73,1169;0;0
04.10.2019;71,738;71,9212;70,8895;71,5259;1.273;79.601.850
03.10.2019;72,548;72,8372;72,0948;72,0948;41;14.954.000
30.09.2019;72,6347;73,464;72,2016;73,2326;129;15.325.780
29.09.2019;73,0976;74,1968;72,683;73,2808;233;7.571.000
28.09.2019;73,4061;74,4378;73,4061;73,6182;984;52.114.030
27.09.2019;73,7147;75,0742;73,57;75,0742;952;8.522.300
26.09.2019;71,8152;72,2298;71,2848;71,9116;0;0
23.09.2019;71,9694;72,3165;70,9088;71,9984;1.053;44.802.000
22.09.2019;73,1843;73,1843;71,7959;71,7959;931;42.251.730
21.09.2019;73,5315;74,3511;73,5315;73,5315;0;0
20.09.2019;74,5535;75,2092;74,2932;75,2092;636;53.320.160
19.09.2019;74,2257;74,2257;72,4998;73,57;809;23.392.680
16.09.2019;73,84;74,486;73,8207;74,0136;39;1.378.440
15.09.2019;74,1871;74,2546;73,4736;74,0907;218;11.548.700
14.09.2019;73,1554;73,8304;73,1554;73,5508;1.296;3.056.800
13.09.2019;72,5962;73,1554;71,1113;73,1554;918;17.073.540
12.09.2019;70,8702;71,3909;70,8702;71,3909;735;185.100.000
09.09.2019;73,3193;73,464;72,4612;72,4612;150;3.421.800
08.09.2019;73,3193;74,2257;73,2808;74,1775;145;7.694.000
07.09.2019;73,3001;73,5411;72,6347;73,4254;460;26.517.178
06.09.2019;72,4226;72,5672;71,0245;71,468;327;0
05.09.2019;72,8179;72,9626;71,5355;72,2587;1.218;1.199.040
02.09.2019;73,3193;73,5411;72,3358;73,0686;2.295;164.738.148
01.09.2019;73,57;74,1389;73,57;73,8497;1.929;0
31.08.2019;73,6375;74,0136;72,6733;73,6375;384;0
30.08.2019;72,9336;72,9336;72,4419;72,5576;75;0
29.08.2019;71,8634;72,4901;71,8344;72,4901;52;0
26.08.2019;71,3523;71,8441;70,8702;71,7284;178;12.643.870
25.08.2019;72,9144;73,2711;71,7573;71,8923;1.296;54.160.750
24.08.2019;71,4584;72,6347;71,3523;72,6347;676;39.916.200
23.08.2019;70,9281;71,873;70,822;71,873;83;7.433.000
22.08.2019;69,8964;71,9984;69,771;71,9984;74;11.200.500
18.08.2019;71,8344;71,8344;68,9707;70,282;586;18.627.450
17.08.2019;72,143;72,143;71,5645;71,5645;1.733;26.433.650
16.08.2019;71,738;72,7022;71,2463;72,3069;475;30.269.120
15.08.2019;73,57;74,2546;72,9819;73,4736;502;1.068.200
12.08.2019;72,0466;73,3193;71,1884;72,4901;506;3.736.000
11.08.2019;70,4267;71,7959;68,9321;71,7862;3.688;118.812.500
10.08.2019;72,683;72,9626;68,9611;70,5424;1.597;52.617.638
09.08.2019;68,0451;71,4295;66,5602;71,4295;2.614;79.177.968
08.08.2019;70,176;71,5162;68,0451;69,2793;6.221;106.502.741
05.08.2019;69,9928;72,5769;69,906;71,5355;5.705;241.092.240
04.08.2019;73,9846;75,6624;72,683;73,4736;697;24.160.440
03.08.2019;74,3896;74,5535;73,0976;74,3511;1.722;61.688.000
02.08.2019;76,4723;76,4723;74,3896;74,7271;4.397;292.067.600
01.08.2019;77,4462;77,8994;76,5784;76,5784;104;23.826.000
29.07.2019;76,8484;77,1377;76,5495;76,7712;181;12.391.000
28.07.2019;76,347;76,7712;76,2795;76,7712;0;0
27.07.2019;77,2919;77,3498;76,2795;76,2795;68;5.270.760
26.07.2019;77,9862;77,9862;77,7065;77,7065;0;0
25.07.2019;77,7837;78,0537;77,6776;77,6776;159;12.371.170
22.07.2019;78,3333;79,8471;77,6776;78,1694;4.301;315.404.410
21.07.2019;77,5619;77,8608;77,1859;77,5426;792;33.305.998
20.07.2019;77,5523;78,1019;77,5523;77,7837;483;56.687.040
19.07.2019;76,9737;77,1955;76,8484;77,1955;77;15.372
18.07.2019;77,2244;77,2244;76,2988;76,2988;659;23.532
15.07.2019;76,8098;77,5716;76,7905;77,5426;77;16.461
14.07.2019;77,5716;78,1887;77,5523;77,5523;26;2.027
13.07.2019;77,7933;78,2561;77,7162;78,1887;147;3.894
12.07.2019;76,8002;77,909;76,7423;77,5233;49;1.374
11.07.2019;77,8608;77,8608;77,3112;77,3112;0;0
08.07.2019;78,7575;79,0275;77,9476;77,9669;419;33.098
07.07.2019;78,1404;79,0565;78,1404;78,4876;2.319;25.708
06.07.2019;77,9862;78,1019;77,4269;77,668;62;4.860
05.07.2019;77,5619;78,2947;77,4944;77,4944;201;15.592
04.07.2019;77,3112;78,2561;77,2148;77,6294;3.858;299.497
01.07.2019;76,4916;76,6266;76,4916;76,6266;0;0
30.06.2019;76,3663;77,1859;76,347;77,1859;312;24.095
29.06.2019;75,5274;77,0894;75,5274;76,2699;859;65.495
28.06.2019;75,5853;76,1349;75,4213;76,1349;62;4.738
27.06.2019;75,9902;75,9902;75,4695;75,537;62;4.700
24.06.2019;76,077;76,212;75,2092;75,2092;150;11.310
23.06.2019;75,8745;76,6266;75,1031;75,5563;353;26.642
22.06.2019;76,1927;76,3856;76,1927;76,3856;4;317
21.06.2019;76,6845;76,7809;76,3566;76,7809;576;44.195
20.06.2019;76,5302;76,7712;75,5756;76,7712;1.125;86.388
17.06.2019;76,4723;76,4723;75,8842;76,3856;0;0
16.06.2019;76,2699;76,2988;75,8842;75,8842;698;52.965
15.06.2019;76,3759;76,3759;75,8842;75,8938;0;0
14.06.2019;76,4531;76,6073;76,0963;76,5784;220;16.837
13.06.2019;75,7685;76,077;75,7685;76,077;0;0
10.06.2019;75,6142;76,3084;75,2285;75,4213;187;14.080
09.06.2019;75,6142;76,0674;75,6142;75,6142;4;314
08.06.2019;75,1128;75,9709;74,4957;75,2092;12.565;944.970
07.06.2019;76,4434;76,4434;75,9517;76,1734;80;6.083
06.06.2019;76,5784;76,7423;76,212;76,212;199;15.176
03.06.2019;77,0219;77,3112;76,3759;76,5591;114;8.734
02.06.2019;77,1762;77,6873;77,0798;77,0798;78;5.996
01.06.2019;78,1597;78,9118;77,639;77,639;290;22.546
31.05.2019;78,3815;78,4876;78,3815;78,4393;26;2.034
30.05.2019;78,2369;78,2369;78,1115;78,1115;16;1.215
27.05.2019;78,6804;78,6804;78,3815;78,4779;91;7.162
26.05.2019;78,825;78,825;77,6583;78,1308;0;0
25.05.2019;77,9476;78,7672;77,7451;78,4972;483;37.937
24.05.2019;78,2947;78,3526;78,1694;78,1694;269;20.997
23.05.2019;79,0854;79,0854;77,5812;77,5812;332;25.747
20.05.2019;78,3622;79,1239;78,3622;78,6033;3.837;301.624
19.05.2019;77,9765;79,0372;77,9765;78,1308;33;2.593
18.05.2019;78,1212;78,5551;77,5908;78,2754;234;18.347
17.05.2019;78,3429;78,3719;77,9765;77,9765;181;14.152
16.05.2019;77,4848;78,0729;77,4848;77,8222;62;4.843
13.05.2019;78,4683;78,4876;77,4848;78,3526;141;11.051
12.05.2019;78,4972;78,4972;77,2437;77,2437;81;6.249
11.05.2019;78,584;79,3554;77,6776;77,6776;193;14.984
10.05.2019;77,5908;79,2782;77,2823;79,2782;346;27.461
09.05.2019;77,2244;77,6583;76,8387;76,9641;239;18.359
06.05.2019;75,5949;76,9737;75,5949;76,9737;1.156;89.010
05.05.2019;75,7299;75,7299;75,4985;75,4985;0;0
04.05.2019;76,212;77,2341;75,7106;75,7106;212;16.018
03.05.2019;77,0509;77,2341;76,1156;76,1734;791;60.277
02.05.2019;77,1666;77,1666;76,8098;76,8098;447;34.333
29.04.2019;76,8484;76,9159;76,6845;76,9159;214;16.433
28.04.2019;76,9834;77,2726;76,8773;77,0605;667;51.389
27.04.2019;76,7905;77,0412;76,5688;76,588;389;29.786
26.04.2019;76,1156;77,4366;75,9613;76,2699;835;63.676
21.04.2019;76,8773;77,4366;76,6941;77,2341;638;49.262
20.04.2019;76,4916;76,858;76,4241;76,858;314;24.152
19.04.2019;76,6748;76,6748;75,9999;76,0481;22;1.656
18.04.2019;77,1184;77,1184;75,1706;75,672;529;40.025
15.04.2019;76,5495;76,5495;76,0384;76,1541;0;0
14.04.2019;76,2891;77,2726;76,2891;76,2891;1.988;151.673
13.04.2019;76,2409;76,6555;76,0577;76,6363;420;32.189
12.04.2019;76,3952;76,3952;74,9874;74,9874;856;64.160
11.04.2019;76,4048;77,3498;76,347;76,5109;674;51.578
08.04.2019;77,0798;77,0798;76,858;76,858;0;0
07.04.2019;76,9641;77,3787;76,7905;76,8002;1.148;88.173
06.04.2019;77,1377;77,4944;76,8773;77,0991;132;10.155
05.04.2019;76,7809;77,0894;76,723;76,9255;206;15.876
04.04.2019;76,9834;77,5716;76,9641;77,0412;1.232;94.921
01.04.2019;76,588;77,0894;76,482;76,9255;547;42.044
31.03.2019;76,4241;76,8484;76,0384;76,0384;497;37.774
30.03.2019;76,2409;76,9544;76,2409;76,9448;373;28.728
29.03.2019;75,5756;76,1927;75,3731;76,1927;52;3.951
28.03.2019;76,723;76,723;75,7877;75,7877;26;1.965
25.03.2019;75,9034;76,482;75,8456;76,482;1.015;77.654
24.03.2019;75,2189;76,2891;75,2189;76,2891;1.035;78.962
23.03.2019;74,5535;74,7175;74,5053;74,7175;0;0
22.03.2019;74,4282;74,9778;74,4282;74,4282;135;10.035
21.03.2019;74,9103;75,0549;74,3028;74,6114;1.308;97.576
18.03.2019;73,9461;73,9461;72,9529;72,9529;3.749;273.511
17.03.2019;72,2201;73,6761;72,2201;73,2036;1.672;122.383
16.03.2019;73,1651;74,785;73,1651;73,2711;558;40.883
15.03.2019;72,0176;72,3069;69,4817;71,5452;11.400;815.606
14.03.2019;73,2808;73,8979;72,4419;72,924;2.883;210.251
11.03.2019;76,7712;76,7712;76,3566;76,3566;857;65.411
10.03.2019;76,482;76,5495;75,6624;75,6624;1.824;138.029
09.03.2019;77,1473;77,639;76,7038;77,639;184;14.252
08.03.2019;76,752;76,752;76,2602;76,4338;16;1.189
07.03.2019;77,1087;77,668;77,0219;77,0219;1.036;79.800
04.03.2019;77,4558;77,5619;77,0798;77,0798;0;0
03.03.2019;77,8126;77,8126;76,887;77,128;53;4.079
02.03.2019;76,4531;76,8773;76,4145;76,7038;140;10.739
01.03.2019;77,8608;77,8608;77,1569;77,1569;0;0
28.02.2019;77,0123;78,0922;77,0123;77,668;107;8.297
25.02.2019;76,8387;77,5137;76,6748;77,5137;482;37.381
24.02.2019;77,0123;77,0123;75,537;76,6555;2.488;190.721
23.02.2019;77,5233;78,1597;76,6748;76,6748;1.174;90.017
22.02.2019;77,1377;77,3594;77,1377;77,3594;10;802
21.02.2019;77,7548;78,4876;77,1377;77,1377;249;19.200
18.02.2019;78,2369;78,854;78,0922;78,1308;239;18.637
17.02.2019;78,4104;78,4104;77,909;78,0922;1.807;141.085
16.02.2019;78,6226;78,825;78,0537;78,8154;736;58.035
15.02.2019;78,1597;78,449;77,909;78,0055;381;29.690
14.02.2019;78,6708;78,6708;77,8897;77,8897;878;68.421
11.02.2019;77,3787;77,7933;77,2823;77,7065;467;36.266
10.02.2019;76,9737;77,8415;76,9544;77,8415;478;37.217
09.02.2019;78,0344;78,044;77,5523;77,6487;206;16.025
08.02.2019;77,938;77,938;77,1666;77,7162;460;35.786
07.02.2019;77,5137;78,2272;77,5137;77,7933;1.041;81.003
04.02.2019;77,0412;77,3787;77,0027;77,1377;244;18.800
03.02.2019;76,6363;76,9062;76,5302;76,6555;487;37.365
02.02.2019;76,2313;76,4531;76,2024;76,2024;25;1.897
01.02.2019;76,8484;77,2534;76,752;76,9641;792;60.982
31.01.2019;76,212;76,212;75,4599;75,4599;442;33.339
28.01.2019;76,5591;77,1087;75,836;76,2602;2.029;154.700
27.01.2019;77,4269;77,4269;76,5591;77,3594;298;23.026
26.01.2019;76,8773;77,6005;76,5398;76,5398;1.047;80.174
25.01.2019;77,4751;77,4751;76,2506;76,4338;1.334;101.941
24.01.2019;75,9999;77,2051;75,9999;77,2051;124;9.608
21.01.2019;76,6459;77,909;76,6459;77,0894;1.764;135.995
20.01.2019;77,668;77,668;76,4916;77,1087;463;35.667
19.01.2019;78,3526;78,3526;77,2051;77,6101;832;64.553
18.01.2019;77,8415;78,3236;77,8126;78,1694;504;39.400
17.01.2019;77,6198;78,3236;77,6198;78,1019;619;48.357
14.01.2019;77,6198;77,8126;77,6198;77,8126;519;40.350
13.01.2019;78,3044;78,4104;77,7644;77,7644;1.386;107.748
12.01.2019;78,7286;78,9986;78,0151;78,4586;379;29.700
11.01.2019;78,8154;79,0565;78,179;78,7672;477;37.577
10.01.2019;78,1019;78,5068;77,6198;78,5068;1.507;118.303
07.01.2019;77,6198;78,1501;77,6198;78,1019;280;21.870
06.01.2019;78,0633;78,0633;77,774;77,9765;83;6.470
05.01.2019;77,803;77,803;77,1377;77,4173;643;49.780
04.01.2019;77,0316;77,6487;76,8002;77,1377;1.788;137.920
03.01.2019;77,7644;77,7644;76,9544;77,1184;484;37.351
30.12.2018;77,8512;77,9669;77,0605;77,0605;578;44.515
29.12.2018;77,4558;77,9476;77,4173;77,7644;753;58.552
28.12.2018;77,1184;77,8801;76,9159;77,8801;441;34.327
27.12.2018;78,6515;78,6515;76,8002;77,0123;351;26.996
23.12.2018;76,7712;77,7162;76,7712;77,3305;1.181;91.348
22.12.2018;77,3498;77,7355;77,2051;77,7355;1.002;77.879
21.12.2018;77,0894;77,7451;77,0894;77,3594;315;24.390
20.12.2018;76,1734;77,0894;76,1734;76,4434;1.152;88.080
17.12.2018;76,2506;76,7134;76,1638;76,5302;311;23.811
16.12.2018;76,0095;76,7423;76,0095;76,2024;115;8.772
15.12.2018;75,6913;75,9227;75,6913;75,7685;602;45.576
14.12.2018;76,3277;76,3277;75,4985;76,077;1.343;102.176
13.12.2018;76,0192;76,5109;76,0192;76,1734;570;43.450
10.12.2018;75,7299;75,7299;75,566;75,6528;0;0
09.12.2018;75,026;75,5467;75,026;75,5467;162;12.223
08.12.2018;74,65;75,5178;74,65;75,5081;778;58.733
07.12.2018;75,2381;76,1541;75,2381;75,4599;183;13.774
06.12.2018;75,7492;75,9806;74,8524;75,1803;904;67.990
03.12.2018;76,1349;76,1349;75,1996;75,9324;1.332;101.115
02.12.2018;76,1349;76,1349;75,3153;75,9709;740;56.256
01.12.2018;74,2064;75,701;74,2064;75,3635;1.051;79.176
30.11.2018;74,245;74,3703;73,5411;74,3703;501;37.254
29.11.2018;74,9007;75,4888;73,8593;73,8593;1.064;78.592
26.11.2018;74,3125;75,0646;74,0232;74,3607;382;28.380
25.11.2018;73,9039;74,5285;73,9039;74,0158;32;2.382
24.11.2018;73,0277;74,1276;73,0277;74,1276;48;3.578
23.11.2018;73,2048;73,7361;72,8972;73,6709;574;42.281
22.11.2018;74,1183;74,7522;73,7641;73,82;1.779;131.297
19.11.2018;73,9319;74,3793;73,6429;73,6429;231;16.985
18.11.2018;73,9692;75,0971;73,6895;74,4539;1.623;120.843
17.11.2018;73,4938;73,9132;73,3633;73,5683;215;15.784
16.11.2018;74,109;74,109;73,1768;73,27;215;15.720
15.11.2018;74,0624;74,8734;73,9692;74,5658;1.124;83.830
12.11.2018;73,8293;74,0717;73,1768;73,8014;765;56.448
11.11.2018;74,5751;74,7709;73,8293;74,0158;260;19.215
10.11.2018;74,081;74,7056;74,081;74,5751;3.058;228.080
09.11.2018;74,4073;74,4259;73,9412;74,4259;305;22.675
08.11.2018;73,6988;73,8293;73,6988;73,8293;0;0
05.11.2018;73,7921;73,7921;72,8505;73,5683;878;64.557
04.11.2018;73,7268;74,3327;73,7268;74,1183;110;8.190
03.11.2018;73,6709;73,7361;73,3073;73,7082;23;1.660
02.11.2018;73,1022;73,9971;73,1022;73,4471;134;9.849
01.11.2018;72,8039;73,9692;72,8039;73,8946;2.061;152.278
29.10.2018;72,8972;73,326;72,7573;72,8039;287;20.931
28.10.2018;73,2887;73,5497;72,8692;72,9438;457;33.335
27.10.2018;72,6175;73,0836;72,5056;72,5056;699;50.713
26.10.2018;72,4497;72,8039;72,2446;72,3472;600;43.384
25.10.2018;72,776;73,0836;72,7294;73,037;76;5.563
22.10.2018;72,6921;73,298;72,6548;72,8039;70;5.077
21.10.2018;73,1861;73,587;72,8878;73,5217;129;9.464
20.10.2018;72,8319;73,3726;72,776;73,1861;120;8.793
19.10.2018;73,0929;73,2141;72,8133;73,1768;27;1.963
18.10.2018;72,6641;73,6243;72,5616;73,6243;126;9.241
15.10.2018;72,4684;72,9531;72,1887;72,9531;354;25.826
14.10.2018;72,3845;72,7853;72,3845;72,7853;1.712;124.616
13.10.2018;72,0209;73,5404;72,0209;73,0556;565;41.301
12.10.2018;72,0675;72,4031;71,4429;72,2446;675;48.748
11.10.2018;72,1048;72,4311;72,0862;72,4311;27;1.943
08.10.2018;71,7785;72,2446;71,7785;72,2446;279;20.150
07.10.2018;71,7785;72,9344;71,7785;72,3472;1.959;141.716
06.10.2018;71,9743;72,1514;71,8438;72,0768;21;1.546
05.10.2018;71,3031;72,2633;71,3031;72,2633;0;0
04.10.2018;71,6201;71,7319;71,387;71,7319;0;0
01.10.2018;72,0582;72,0582;71,5268;71,5268;43;3.069
30.09.2018;71,7133;72,5243;71,7133;71,8438;401;28.824
29.09.2018;72,4404;72,4404;71,8438;71,8438;0;0
28.09.2018;71,7785;72,6082;71,7412;72,0955;1.395;100.542
27.09.2018;72,7573;72,7573;72,6082;72,6082;29;2.103
24.09.2018;71,6667;72,8692;71,6667;72,8692;0;0
23.09.2018;72,3938;72,5895;71,8251;72,3658;796;57.601
22.09.2018;72,6921;72,6921;71,4989;71,4989;949;67.880
21.09.2018;73,5217;73,8853;73,5217;73,587;0;0
20.09.2018;72,8226;73,1582;72,7853;73,0556;167;12.226
17.09.2018;72,7853;73,6243;72,7853;73,298;0;0
16.09.2018;73,4658;73,6149;73,2421;73,298;284;20.837
15.09.2018;73,6709;73,9785;73,4751;73,531;436;32.025
14.09.2018;73,9319;74,1183;73,9319;73,9692;965;71.415
13.09.2018;74,0065;74,2302;73,8946;74,2302;439;32.569
10.09.2018;73,9319;74,3887;73,82;74,0065;1.146;84.789
09.09.2018;73,3633;74,7802;73,3633;74,0997;102;7.552
08.09.2018;72,8039;73,326;72,6548;73,326;0;0
07.09.2018;72,8133;72,9624;72,4404;72,6082;605;43.930
06.09.2018;72,8878;73,1209;72,8505;73,1209;0;0
03.09.2018;72,5802;73,1582;72,5802;72,9158;0;0
02.09.2018;72,8133;73,2607;72,7667;73,0183;279;20.366
01.09.2018;71,909;72,7573;71,7972;72,7573;142;10.303
31.08.2018;70,837;72,1421;70,837;71,4336;152;10.881
30.08.2018;71,5455;71,5455;71,2658;71,2751;0;0
27.08.2018;70,9396;71,1353;70,4455;70,9116;1.014;71.886
26.08.2018;71,126;71,126;70,9396;70,9396;169;12.024
25.08.2018;70,6226;70,7718;69,9608;70,0167;858;60.088
24.08.2018;70,6599;70,6599;70,0726;70,0913;43;3.008
23.08.2018;71,1633;71,5735;71,1074;71,3684;122;8.728
20.08.2018;70,8557;71,5268;70,5108;71,2192;60;4.278
19.08.2018;72,2167;72,2167;71,0048;71,0048;58;4.113
18.08.2018;71,6946;71,8811;71,4336;71,6946;0;0
17.08.2018;71,5082;72,3751;71,5082;72,3751;27;1.941
16.08.2018;71,937;71,937;70,7997;70,893;27;1.901
13.08.2018;71,3963;71,6853;70,4641;71,3684;629;44.864
12.08.2018;70,3802;70,8463;70,0447;70,8463;13;912
11.08.2018;70,6599;71,0235;69,8116;69,8116;34;2.396
10.08.2018;71,0701;71,0701;70,3989;70,3989;241;16.992
09.08.2018;71,3404;71,5268;71,3404;71,4616;0;0
06.08.2018;71,648;72,0955;70,2497;70,2497;129;9.043
05.08.2018;71,4429;71,4429;70,8091;71,0701;0;0
04.08.2018;70,5853;71,0514;70,5294;70,6319;172;12.123
03.08.2018;71,2565;71,7692;71,2285;71,7692;80;5.774
02.08.2018;70,548;71,2379;70,1472;71,2379;0;0
30.07.2018;70,1752;70,837;69,6531;70,3802;54;3.775
29.07.2018;70,5387;70,7624;70,4175;70,4175;0;0
28.07.2018;71,1074;71,1074;70,5294;70,8277;30;2.127
27.07.2018;71,2845;71,5362;71,1074;71,1074;51;3.661
26.07.2018;70,8743;71,2014;69,9142;70,4455;661;46.551
23.07.2018;70,5947;71,0794;70,5947;70,9489;0;0
22.07.2018;69,4853;70,5574;69,4853;70,5574;19;1.362
21.07.2018;69,8023;70,2311;69,8023;69,8303;28;1.948
20.07.2018;68,9633;69,4947;68,2642;68,8701;765;52.676
19.07.2018;68,6557;69,4853;68,5904;68,5904;194;13.318
16.07.2018;70,576;70,8091;69,4481;69,4481;26;1.788
15.07.2018;70,9209;70,9582;69,7836;69,7836;0;0
14.07.2018;71,4616;71,4616;71,2192;71,2192;353;25.136
13.07.2018;70,9862;71,2845;70,9862;71,2845;0;0
12.07.2018;70,2031;70,6133;70,2031;70,6133;0;0
09.07.2018;70,1938;70,548;70,1938;70,548;0;0
08.07.2018;70,4455;70,6692;70,2404;70,5108;375;26.474
07.07.2018;68,4413;69,7277;68,0311;69,6904;279;19.438
06.07.2018;68,5904;70,3057;68,5904;69,1684;204;14.098
05.07.2018;68,4413;68,8142;68,4413;68,5252;0;0
02.07.2018;69,2803;69,4481;68,721;68,721;135;9.289
01.07.2018;68,5252;69,8303;68,0684;68,0684;146;9.931
30.06.2018;69,0472;69,5972;69,0472;69,2337;0;0
29.06.2018;70,3802;71,0794;69,1404;69,1404;392;27.072
28.06.2018;70,9489;71,0887;70,9023;71,0887;97;6.863
25.06.2018;70,7624;70,7624;70,4269;70,4269;26;1.813
24.06.2018;70,8463;71,7785;70,8463;71,7785;209;15.015
23.06.2018;71,9277;72,1048;71,7972;71,8438;0;0
22.06.2018;72,2353;72,8319;71,676;72,8133;118;8.592
21.06.2018;73,0556;73,1675;72,8878;72,8878;135;9.852
18.06.2018;72,3006;72,6641;72,3006;72,6641;322;23.385
17.06.2018;72,1607;72,4404;72,1048;72,1048;354;25.526
16.06.2018;72,7387;73,1488;72,0302;72,2167;2.017;145.644
15.06.2018;71,8438;72,6361;71,8438;72,6361;346;25.168
14.06.2018;71,5828;71,8531;71,5175;71,8531;0;0
11.06.2018;71,909;72,2073;71,1446;71,7785;1.752;125.741
10.06.2018;70,7718;71,7599;70,5294;71,6107;145;10.371
09.06.2018;70,3802;70,7904;69,9421;70,7904;541;38.274
08.06.2018;69,6625;69,8955;69,0099;69,8582;859;60.027
07.06.2018;69,3176;69,9328;68,9167;69,7091;689;48.009
04.06.2018;71,2658;71,3124;71,2285;71,2285;965;68.769
03.06.2018;71,2472;71,5735;71,1353;71,415;397;28.346
02.06.2018;69,6065;69,9048;69,3642;69,9048;0;0
01.06.2018;68,7582;69,6904;68,6091;69,6904;23;1.570
31.05.2018;69,4294;69,7836;69,3362;69,5413;215;14.920
28.05.2018;69,737;69,8396;69,4947;69,6252;161;11.204
27.05.2018;68,404;69,8769;68,404;69,793;134;9.359
26.05.2018;69,2243;69,2803;68,2269;69,2803;133;9.216
25.05.2018;66,3159;66,782;66,2413;66,7167;13;859
24.05.2018;67,9566;68,2921;67,8913;68,0591;61;4.162
21.05.2018;66,4837;67,0057;65,9896;66,4557;665;44.200
20.05.2018;69,8955;70,8463;68,3294;68,3294;1.440;98.369
19.05.2018;69,8209;70,5947;69,8209;69,8209;30;2.097
18.05.2018;71,387;71,6387;71,1446;71,6387;0;0
17.05.2018;71,0048;71,0794;70,1658;70,1658;1.023;71.808
14.05.2018;71,1633;71,5735;70,3802;70,3802;483;33.975
13.05.2018;71,8251;72,0582;71,8251;72,0395;41;2.937
12.05.2018;71,7785;71,8718;70,3802;71,8718;1.491;107.169
11.05.2018;69,8303;70,6692;69,793;69,793;646;45.072
10.05.2018;67,7049;68,4227;67,2108;67,7049;113;7.626
07.05.2018;67,5278;68,4879;67,5091;67,882;1.506;102.239
06.05.2018;69,3735;70,0726;68,6743;69,8582;1.338;93.450
05.05.2018;69,4481;69,7836;68,4786;68,4786;1.313;89.915
04.05.2018;70,6506;71,387;68,7489;69,8209;912;63.665
03.05.2018;70,8277;70,8277;69,7557;70,0819;1.383;96.907
30.04.2018;71,1446;71,3497;70,2497;70,5387;419;29.587
29.04.2018;70,2311;70,6599;69,8862;70,6599;1.448;102.330
28.04.2018;69,1311;70,2591;68,926;70,2125;766;53.778
27.04.2018;71,7785;71,7785;70,9489;71,4243;2.107;150.482
26.04.2018;71,7879;72,4963;71,7879;72,2539;708;51.157
23.04.2018;71,3218;71,3218;71,0141;71,0141;29;2.057
22.04.2018;71,387;71,6946;70,6133;70,8557;2.107;149.284
21.04.2018;71,415;71,7599;70,6785;70,6785;2.149;151.867
20.04.2018;71,8158;71,8158;70,6319;71,4523;452;32.270
19.04.2018;70,2404;70,837;69,8675;70,837;254;18.010
16.04.2018;71,0701;71,154;70,1099;70,8184;1.127;79.844
15.04.2018;71,0514;71,7412;71,0514;71,3031;565;40.310
14.04.2018;70,8277;71,2751;70,604;71,2751;0;0
13.04.2018;71,0794;71,0794;70,5108;70,9489;209;14.841
12.04.2018;71,9556;71,9556;70,6133;71,3218;1.913;136.417
09.04.2018;71,359;72,0675;71,359;72,0116;16;1.159
08.04.2018;71,2192;71,6201;70,5201;71,6201;824;59.005
07.04.2018;71,4989;71,7226;71,098;71,4429;754;53.878
06.04.2018;71,5362;72,0302;71,1446;71,1446;2.622;186.526
01.04.2018;70,2777;70,865;70,2777;70,8184;193;13.675
31.03.2018;70,0167;70,5853;69,6998;69,7836;780;54.423
30.03.2018;70,1006;70,5574;69,9701;70,5294;622;43.883
29.03.2018;70,7252;70,7997;70,1658;70,1658;1.071;75.119
26.03.2018;69,8209;70,6413;69,8209;70,0447;3.015;211.219
25.03.2018;70,1658;70,5574;70,1658;70,5574;54;3.785
24.03.2018;70,6599;70,6599;69,6998;69,6998;1.638;114.174
23.03.2018;69,9142;70,0726;69,8582;69,8582;1.319;92.176
22.03.2018;69,4387;70,0167;69,2057;69,2896;54;3.717
19.03.2018;69,6718;69,8675;69,6718;69,8675;43;2.998
18.03.2018;69,0938;69,7184;68,9354;69,7184;161;11.219
17.03.2018;69,1964;69,7836;69,1964;69,7836;236;16.469
16.03.2018;69,1684;69,1684;68,6464;68,7769;161;11.067
15.03.2018;68,9913;69,1032;68,143;68,5998;2.056;141.072
12.03.2018;69,1684;69,3455;68,7023;68,8142;547;37.648
11.03.2018;68,9447;69,3362;68,8515;68,8515;4.398;302.826
10.03.2018;68,6464;69,0286;68,6464;69,0286;0;0
09.03.2018;68,6371;68,665;68,4693;68,665;0;0
08.03.2018;69,6159;69,6159;68,665;68,7862;735;50.546
05.03.2018;67,8167;68,9913;67,8167;68,9913;113;7.771
04.03.2018;68,0498;68,2269;67,8447;67,8447;1.417;96.142
03.03.2018;68,0684;68,143;67,8447;67,9472;230;15.598
02.03.2018;67,3506;67,9938;67,1176;67,9938;2.856;194.166
01.03.2018;67,8447;68,0871;67,1083;68,0498;352;23.944
26.02.2018;67,015;67,1642;66,6328;66,6701;75;5.006
25.02.2018;66,6515;67,3972;66,1108;66,1108;1.229;81.274
24.02.2018;66,5303;66,6049;66,3905;66,6049;62;4.144
23.02.2018;67,6955;67,9938;67,2574;67,2574;244;16.378
22.02.2018;68,0498;68,0498;67,6862;67,7422;261;17.659
19.02.2018;67,2388;67,2388;66,3812;67,1362;1.569;105.365
18.02.2018;66,6515;67,1922;66,5117;67,1922;1.856;124.698
17.02.2018;66,3905;66,6515;66,3905;66,6515;0;0
16.02.2018;65,8685;66,0549;65,7939;66,0456;6;425
15.02.2018;66,0829;66,0922;65,7659;65,7659;365;23.987
12.02.2018;65,3744;65,7752;64,5541;64,5541;122;7.895
11.02.2018;64,8058;65,2812;64,3024;64,3024;654;42.078
10.02.2018;64,8803;65,7007;64,8803;65,6634;541;35.502
09.02.2018;65,5329;67,2108;65,0108;67,2108;780;52.417
08.02.2018;65,9337;66,2786;64,321;65,0668;418;27.222
05.02.2018;64,4422;64,4422;63,3515;63,4821;210;13.348
04.02.2018;65,7752;65,971;64,9363;65,421;1.041;68.075
03.02.2018;65,999;66,3345;65,999;65,999;268;17.700
02.02.2018;65,6261;66,6235;65,6261;66,6235;8;500
01.02.2018;65,4769;65,5515;65,1693;65,5515;157;10.267
29.01.2018;65,132;65,8498;64,9456;65,16;724;47.183
28.01.2018;65,7007;66,4651;65,0481;65,0481;424;27.563
27.01.2018;65,6074;66,0269;65,0854;65,2439;476;31.076
26.01.2018;64,06;65,3558;64,06;64,4049;107;6.909
25.01.2018;65,0481;65,8591;64,8058;64,9736;306;19.865
22.01.2018;66,2786;66,5956;65,5981;65,999;372;24.568
21.01.2018;66,1761;66,6422;65,8032;65,8032;0;0
20.01.2018;66,8379;66,9405;66,0083;66,0083;0;0
19.01.2018;66,3905;66,8752;66,1574;66,8752;10;646
18.01.2018;65,7659;66,6142;65,3651;66,2693;592;39.242
15.01.2018;66,0176;66,7447;65,1693;65,1693;14;909
14.01.2018;66,1947;66,7167;65,8312;66,6049;182;12.147
13.01.2018;65,7846;66,6328;65,7846;66,6328;16;1.072
12.01.2018;65,4956;65,999;65,2532;65,999;1.243;82.057
11.01.2018;66,6608;67,0244;65,8964;65,8964;1.210;79.738
08.01.2018;66,6142;67,0523;66,6049;66,6142;16;1.072
07.01.2018;66,9778;67,1642;66,2413;66,7167;760;50.672
06.01.2018;66,8286;67,7888;66,7913;66,9871;136;9.126
05.01.2018;67,1362;68,2921;67,1362;68,0032;2.163;147.067
04.01.2018;67,2574;67,5557;66,3439;67,5557;514;34.713
30.12.2017;66,2413;66,2413;65,9617;65,9617;0;0
29.12.2017;66,1481;66,5117;66,1481;66,1761;312;20.658
28.12.2017;66,4837;67,9286;66,4837;66,5769;7.167;477.157
23.12.2017;66,1574;66,6328;65,9803;65,9803;238;15.713
22.12.2017;66,1574;67,1176;66,1295;66,1295;2.512;166.141
21.12.2017;64,6007;66,1015;64,6007;65,2252;1.502;97.958
18.12.2017;64,9176;65,2532;64,9176;64,9363;0;0
17.12.2017;64,5541;65,0854;64,4795;64,5354;2.690;173.629
16.12.2017;64,8244;65,7752;64,8244;65,0295;153;9.976
15.12.2017;64,7871;64,7871;64,321;64,3676;577;37.149
14.12.2017;64,5727;64,6193;64,4329;64,4329;39;2.488
11.12.2017;64,321;64,4702;64,321;64,4702;0;0
10.12.2017;63,4075;64,1625;63,4075;63,7804;266;16.968
09.12.2017;63,5007;63,5939;63,3982;63,3982;0;0
08.12.2017;64,0507;64,1159;63,1558;64,0787;54;3.437
07.12.2017;63,1185;64,1532;63,1185;63,9202;496;31.679
04.12.2017;63,1558;63,9761;63,0532;63,9761;19;1.235
03.12.2017;64,2744;64,2837;63,5659;63,5659;94;6.001
02.12.2017;63,1371;63,3888;63,0905;63,3888;0;0
01.12.2017;62,5965;63,4261;62,5965;63,4261;43;2.722
30.11.2017;62,7363;62,7363;62,438;62,6338;0;0
27.11.2017;61,3939;62,9321;61,3939;62,6151;48;3.023
26.11.2017;62,7317;63,0994;61,6017;61,6017;118;7.281
25.11.2017;63,2877;63,6285;63,0007;63,1263;414;26.115
24.11.2017;62,8124;63,0187;62,8124;62,9738;0;0
23.11.2017;62,7765;63,0815;62,7765;63,0815;64;4.009
20.11.2017;62,8573;62,938;62,4447;62,4447;0;0
19.11.2017;63,1442;63,1442;62,9559;62,9559;0;0
18.11.2017;63,485;64,1487;63,4312;63,4312;13;849
17.11.2017;63,2339;63,3326;63,1711;63,1711;0;0
16.11.2017;62,9469;63,7899;62,9469;63,3684;42;2.685
13.11.2017;62,6779;63,1711;62,651;62,7855;446;28.004
12.11.2017;62,5075;63,0276;62,5075;63,0187;301;18.973
11.11.2017;62,6061;63,0456;62,6061;63,0456;168;10.615
10.11.2017;62,3909;62,6151;62,3909;62,3909;0;0
09.11.2017;62,2295;63,1084;62,0232;62,8662;1.048;65.894
06.11.2017;61,6286;61,7183;61,6286;61,6735;0;0
05.11.2017;60,7318;61,6286;60,7318;61,6286;61;3.780
04.11.2017;60,974;61,0278;60,974;61,5569;0;0
03.11.2017;60,409;60,9112;60,0233;60,9112;4;272
02.11.2017;60,5435;60,8843;60,5435;60,8843;0;0
30.10.2017;61,799;62,3999;60,6959;60,6959;61;3.722
29.10.2017;60,391;61,3237;60,3731;61,3237;69;4.240
28.10.2017;61,2609;61,4403;60,8932;60,9829;19;1.156
27.10.2017;61,5569;61,5569;61,5031;61,5031;0;0
26.10.2017;62,373;62,373;61,8528;61,8528;112;6.897
23.10.2017;62,7765;63,2249;62,4716;62,4716;660;41.239
22.10.2017;62,3909;62,8931;62,3909;62,6061;401;25.132
21.10.2017;63,0456;63,2967;62,6241;63,2967;245;15.528
20.10.2017;63,2249;63,2249;62,92;63,0007;31;1.967
19.10.2017;62,7317;63,2249;62,7317;63,2249;736;46.530
16.10.2017;62,8214;62,9021;62,3819;62,3819;0;0
15.10.2017;62,8842;63,5299;62,6958;62,6958;107;6.711
14.10.2017;62,5344;63,4222;62,5344;63,1173;203;12.809
13.10.2017;62,2205;62,2205;61,9515;61,9515;0;0
12.10.2017;62,2743;62,7317;62,2743;62,5972;335;20.940
09.10.2017;61,9694;62,2116;61,7721;61,9335;223;13.812
08.10.2017;62,077;62,2026;62,0143;62,2026;0;0
07.10.2017;61,7183;61,7362;61,6824;61,6824;0;0
06.10.2017;60,8843;61,6466;60,8843;61,6466;418;25.778
05.10.2017;60,7318;61,0547;60,7139;61,0547;587;35.810
02.10.2017;60,7229;61,1085;60,2655;60,2655;668;40.253
01.10.2017;61,9335;61,9335;60,8036;60,8036;173;10.509
30.09.2017;62,4896;62,4896;61,4762;61,5389;78;4.803
29.09.2017;61,7452;61,799;61,7452;61,7542;0;0
28.09.2017;60,7587;61,3506;60,6601;61,3506;420;25.791
25.09.2017;60,8036;61,2161;60,6959;60,6959;14;880
24.09.2017;61,8797;61,9784;61,0726;61,0726;127;7.763
23.09.2017;62,0053;62,0053;61,817;61,817;0;0
22.09.2017;62,5523;62,5792;61,7362;61,808;457;28.257
21.09.2017;61,799;61,799;61,1354;61,1354;414;25.291
18.09.2017;61,808;61,9066;61,808;61,9066;0;0
17.09.2017;62,2654;62,4358;62,1129;62,1936;294;18.308
16.09.2017;61,5479;62,2385;61,5479;61,9874;17;1.037
15.09.2017;60,7139;61,808;60,6511;60,6959;59;3.587
14.09.2017;60,6063;60,8753;60,3462;60,3462;2;135
11.09.2017;61,252;61,5748;61,243;61,4224;268;16.438
10.09.2017;60,7587;61,0367;60,7587;60,8932;0;0
09.09.2017;60,5256;61,4224;60,5256;61,4224;45;2.740
08.09.2017;60,6421;60,8932;60,6421;60,8932;0;0
07.09.2017;60,5973;60,687;60,4717;60,5525;33;2.026
04.09.2017;59,548;60,0323;59,548;59,826;33;2.001
03.09.2017;59,3956;59,3956;59,3866;59,3956;0;0
02.09.2017;58,9292;59,0458;58,8754;59,0458;399;23.571
01.09.2017;60,2206;60,2206;59,6377;59,6377;240;14.298
31.08.2017;60,1579;60,2296;60,1579;60,2206;0;0
28.08.2017;60,4807;60,8036;60,4807;60,8036;0;0
27.08.2017;60,5345;60,5345;59,7633;59,7633;0;0
26.08.2017;60,7139;60,7139;60,5435;60,5435;0;0
25.08.2017;60,1848;60,678;60,1848;60,6242;311;18.860
24.08.2017;60,0592;60,3462;60,0592;60,3462;0;0
21.08.2017;59,0548;59,7991;59,0548;59,7991;37;2.200
20.08.2017;58,7947;59,0458;58,7947;59,0279;110;6.516
19.08.2017;58,3463;58,3463;57,862;57,862;0;0
18.08.2017;58,1669;58,3912;58,1669;58,3912;0;0
17.08.2017;58,6512;58,6512;57,5033;57,5033;89;5.130
14.08.2017;59,1714;59,3238;58,5615;58,5615;101;5.942
13.08.2017;58,9472;60,2386;58,9472;58,9651;79;4.668
12.08.2017;56,1402;59,0369;56,1402;59,0369;0;0
11.08.2017;59,2521;59,5839;58,5705;58,9113;813;47.888
10.08.2017;59,6198;59,6198;58,9382;58,9741;1.091;64.313
07.08.2017;57,9966;58,9113;57,6916;58,9113;12;723
06.08.2017;58,8306;58,8396;58,436;58,436;21;1.238
05.08.2017;58,8754;58,9651;58,5257;58,5257;18;1.044
04.08.2017;58,9651;59,2969;58,5167;59,2969;36;2.116
03.08.2017;58,9292;59,2072;58,9292;59,1176;50;2.966
31.07.2017;58,9382;59,3507;58,6961;58,6961;201;11.781
30.07.2017;58,158;58,8306;58,1042;58,8306;952;56.022
29.07.2017;57,5302;57,8889;57,4764;57,8889;138;8.004
28.07.2017;57,9517;57,9607;57,3957;57,5033;182;10.452
27.07.2017;57,9338;58,0504;57,593;58,0235;178;10.352
24.07.2017;57,3957;57,5033;57,3957;57,3957;0;0
23.07.2017;56,7321;57,3329;56,7321;57,3329;474;27.170
22.07.2017;56,2657;56,3106;56,1581;56,3106;0;0
21.07.2017;56,3733;56,8935;56,3733;56,4451;120;6.798
20.07.2017;56,4092;56,4092;56,2298;56,2298;110;6.207
17.07.2017;55,9608;56,194;55,907;55,907;70;3.927
16.07.2017;55,4137;55,7635;55,4137;55,6021;104;5.766
15.07.2017;54,5438;55,1806;54,5438;54,9384;112;6.126
14.07.2017;54,0058;54,2389;54,0058;54,0954;0;0
13.07.2017;53,2524;53,656;53,2524;53,656;0;0
10.07.2017;53,9071;53,9071;53,0551;53,0551;289;15.322
09.07.2017;53,4408;53,7905;53,387;53,387;11;595
08.07.2017;53,6201;53,8085;53,6201;53,7995;18;960
07.07.2017;54,2389;54,4093;53,8981;54,1223;22;1.207
06.07.2017;53,7636;53,7636;53,6291;53,6291;0;0
03.07.2017;54,3645;54,3645;54,2658;54,3645;0;0
02.07.2017;55,2434;55,2434;54,0865;54,0865;0;0
01.07.2017;55,2165;55,5572;55,2165;55,5572;0;0
30.06.2017;55,5572;55,8801;55,1537;55,1537;497;27.429
29.06.2017;55,1537;55,5931;55,1537;55,4317;708;39.249
26.06.2017;55,2075;55,2972;55,1357;55,2972;0;0
25.06.2017;54,7322;54,7322;54,3735;54,3735;0;0
24.06.2017;53,7188;55,4227;53,7188;55,4227;788;43.693
23.06.2017;54,1672;54,1672;53,4587;53,4587;201;10.730
22.06.2017;55,342;55,342;54,2569;54,9564;61;3.370
19.06.2017;54,2569;55,3868;54,2569;55,0012;446;24.532
18.06.2017;55,3599;55,3599;54,9205;55,1985;898;49.548
17.06.2017;55,2613;55,4496;54,5977;54,6784;535;29.266
16.06.2017;55,8891;55,9787;55,8891;55,9787;0;0
15.06.2017;56,6244;56,9742;56,0415;56,0415;89;4.999
12.06.2017;57,0728;57,0728;57,0549;57,0549;0;0
11.06.2017;56,8038;56,9832;56,6424;56,9832;0;0
10.06.2017;56,75;56,7948;56,4989;56,4989;389;21.987
09.06.2017;56,6424;56,6424;56,4361;56,4361;0;0
08.06.2017;55,9429;56,7141;55,7725;55,7725;89;4.975
05.06.2017;56,3913;56,5975;56,3913;56,5975;0;0
04.06.2017;56,2926;56,6424;56,2926;56,6424;0;0
03.06.2017;57,1087;57,1087;56,8935;56,8935;0;0
02.06.2017;57,037;57,7455;57,037;57,1356;9;510
01.06.2017;56,4002;57,037;56,4002;57,037;169;9.667
29.05.2017;55,6559;55,6559;55,5662;55,5662;112;6.196
28.05.2017;55,1268;55,6918;54,9743;55,5931;220;12.212
27.05.2017;55,4855;55,8622;55,4855;55,8622;27;1.495
26.05.2017;54,5887;56,3375;54,1762;56,3375;563;31.724
25.05.2017;54,5528;54,5528;54,23;54,3017;0;0
22.05.2017;54,8757;55,62;54,8757;55,62;56;3.101
21.05.2017;56,0056;56,0056;55,611;55,611;33;1.860
20.05.2017;56,1402;56,1402;55,9429;55,9877;256;14.359
19.05.2017;56,1312;56,463;56,1312;56,463;240;13.536
18.05.2017;54,5708;55,5034;54,5708;55,5034;0;0
15.05.2017;54,9564;55,4855;54,8398;55,0192;447;24.601
14.05.2017;53,8174;53,943;53,8174;53,8892;268;14.422
13.05.2017;55,0012;55,638;55,0012;55,1806;11;615
12.05.2017;55,064;55,2434;54,7322;55,2434;223;12.320
11.05.2017;56,0505;56,6872;55,638;56,0505;419;23.500
08.05.2017;55,9787;56,7679;55,9787;56,3823;230;12.951
07.05.2017;56,4092;57,0101;55,6738;55,6738;471;26.198
06.05.2017;55,4048;55,8801;55,4048;55,8801;0;0
05.05.2017;55,5214;55,5214;55,4586;55,4586;134;7.421
04.05.2017;54,3196;55,3958;54,3196;55,2523;491;27.108
30.04.2017;53,7547;53,7547;53,387;53,387;438;23.395
29.04.2017;52,7682;53,7636;52,7682;53,2345;190;10.091
28.04.2017;52,6875;52,6875;52,535;52,535;0;0
27.04.2017;52,5888;53,7008;52,5888;53,7008;236;12.695
24.04.2017;52,9744;52,9744;52,7682;52,7682;0;0
23.04.2017;52,5171;52,5171;52,4633;52,4633;0;0
22.04.2017;52,0776;52,3915;52,0776;52,3915;0;0
21.04.2017;52,266;52,266;52,248;52,248;0;0
20.04.2017;53,5215;53,5215;53,0462;53,4856;33;1.789
17.04.2017;53,2704;53,2973;53,2704;53,2973;0;0
16.04.2017;52,1045;52,2211;52,1045;52,2211;0;0
15.04.2017;51,7189;52,0328;51,5485;51,5485;139;7.185
14.04.2017;52,0597;52,5529;52,0597;52,5529;0;0
09.04.2017;51,4319;51,4319;51,3153;51,3153;0;0
08.04.2017;50,1495;51,2077;50,1495;51,2077;33;1.713
07.04.2017;50,8849;51,118;50,4006;50,4006;20;1.012
06.04.2017;51,2974;51,4499;50,9656;50,9656;100;5.115
03.04.2017;51,2974;51,3243;51,2974;51,3243;0;0
02.04.2017;50,7503;52,2929;50,7503;52,2929;89;4.665
01.04.2017;49,1002;49,3603;49,0195;49,0374;841;41.229
31.03.2017;49,2975;49,2975;49,2796;49,2796;0;0
30.03.2017;49,7101;49,7101;48,885;49,1002;120;5.913
27.03.2017;51,0373;51,0373;50,1585;50,1585;27;1.342
26.03.2017;49,997;49,997;49,997;49,997;0;0
25.03.2017;50,3468;50,3468;50,0239;50,0239;0;0
24.03.2017;50,0598;50,0598;49,8715;49,9343;335;16.704
23.03.2017;48,6608;50,2212;48,6608;50,2212;22;1.120
20.03.2017;48,3738;49,2616;48,329;49,2616;516;25.433
19.03.2017;49,719;49,8894;49,5845;49,6742;1.784;88.624
18.03.2017;49,8446;49,8446;49,6473;49,6473;0;0
17.03.2017;48,894;49,1092;48,894;49,1092;0;0
16.03.2017;48,9926;49,4589;48,9926;49,4589;20;993
13.03.2017;48,6518;48,7953;48,4904;48,4994;892;43.264
12.03.2017;47,3604;47,3604;47,0645;47,0645;0;0
11.03.2017;47,5757;48,1855;47,5757;47,9523;781;37.429
10.03.2017;45,7282;45,7282;45,7282;45,7282;0;0
09.03.2017;46,2215;46,2304;45,4861;45,9793;613;28.199
06.03.2017;46,2842;46,2842;46,2215;46,2215;0;0
05.03.2017;47,6205;47,6205;47,2528;47,2528;0;0
04.03.2017;47,0555;48,0779;47,0555;48,0779;725;34.847
03.03.2017;47,19;47,7191;46,6519;47,19;699;32.993
02.03.2017;48,4276;48,4276;48,033;48,033;33;1.607
27.02.2017;48,885;48,885;48,876;48,876;0;0
26.02.2017;49,1809;49,1809;49,1182;49,1182;0;0
25.02.2017;49,5397;49,5397;49,3065;49,3065;11;550
24.02.2017;48,0868;48,1496;47,8806;47,8806;61;2.936
23.02.2017;49,9432;49,9432;49,6383;49,6383;0;0
20.02.2017;50,0329;50,0329;49,7908;49,9163;608;30.335
19.02.2017;51,0373;51,0553;50,9925;51,0373;30;1.537
18.02.2017;51,1629;51,1629;50,858;50,9387;251;12.780
17.02.2017;48,4904;51,5754;48,4904;51,5754;0;0
16.02.2017;51,8534;52,1763;51,8534;52,1763;335;17.454
13.02.2017;52,7951;52,8578;52,7233;52,7233;542;28.572
12.02.2017;52,0328;52,0328;51,683;51,683;0;0
11.02.2017;52,6157;53,1807;52,6157;53,1807;535;28.464
10.02.2017;54,0237;54,1134;53,7816;53,7816;50;2.699
09.02.2017;54,1134;54,1941;53,7457;53,7457;89;4.794
06.02.2017;53,4139;54,7591;53,4139;54,6515;279;15.235
05.02.2017;52,2121;52,3646;52,2121;52,3646;0;0
04.02.2017;52,1942;53,5663;52,1942;53,1628;409;21.756
03.02.2017;51,118;52,1404;50,84;52,1404;613;31.977
02.02.2017;51,7279;51,7279;51,5933;51,7189;4;231
30.01.2017;51,8893;52,6067;51,8893;52,6067;0;0
29.01.2017;52,6516;52,6516;51,9072;51,9072;0;0
28.01.2017;52,266;52,544;52,266;52,544;18;937
27.01.2017;51,2526;51,5126;51,2526;51,5126;0;0
26.01.2017;50,84;51,0194;50,84;51,0194;0;0
23.01.2017;50,1495;50,5889;50,1495;50,5889;0;0
22.01.2017;51,8445;52,6336;51,8445;52,0059;56;2.900
21.01.2017;50,3916;51,0373;50,3916;51,0373;28;1.423
20.01.2017;51,5395;51,5395;51,4499;51,4499;0;0
19.01.2017;52,5081;52,7144;52,1045;52,1045;519;27.017
16.01.2017;51,8534;52,9206;51,6561;52,0238;6.609;343.825
15.01.2017;51,2615;51,5575;51,2615;51,4857;56;2.871
14.01.2017;53,2076;53,2076;52,6606;52,6606;11;587
13.01.2017;52,8309;52,8309;52,2301;52,2301;0;0
12.01.2017;52,6875;54,0058;52,6875;53,6381;178;9.570
09.01.2017;53,5663;53,8085;53,2166;53,6739;230;12.329
08.01.2017;53,2166;53,8264;53,2166;53,5394;457;24.477
07.01.2017;54,7411;55,3689;54,7411;55,3689;67;3.704
06.01.2017;54,5438;55,5931;54,5438;55,5931;502;27.896
05.01.2017;53,3959;53,4766;53,3959;53,4766;46;2.445
02.01.2017;52,7413;53,109;52,2391;53,109;279;14.805
30.12.2016;51,2795;52,526;51,2795;52,526;3.832;201.305
29.12.2016;51,3512;52,8489;50,9207;52,8489;1.257;66.414
23.12.2016;51,6292;52,3287;51,2077;52,2839;3.476;181.721
22.12.2016;51,4678;52,266;51,4678;52,266;2.635;137.716
19.12.2016;50,9835;52,3736;50,7234;52,3736;22;1.168
18.12.2016;51,5395;51,8624;51,1898;51,8624;11;578
17.12.2016;51,7458;52,6336;51,7458;52,6067;52;2.757
16.12.2016;51,6561;52,4274;51,5216;52,4274;458;24.027
15.12.2016;52,257;52,6606;51,9431;52,3915;1.698;88.974
12.12.2016;51,8086;52,526;51,2526;52,4633;1.675;87.867
11.12.2016;53,082;53,8981;52,6067;53,8981;308;16.588
10.12.2016;52,9117;53,5215;52,6157;53,0282;1.095;58.066
09.12.2016;52,4453;53,7367;52,4453;53,4228;2.763;147.614
08.12.2016;52,8668;53,647;52,0238;52,822;127;6.715
05.12.2016;52,1583;52,1583;52,0597;52,0597;201;10.449
04.12.2016;52,5709;53,3421;52,5709;52,6606;134;7.046
03.12.2016;51,5395;53,5035;51,5395;53,5035;148;7.935
02.12.2016;50,3916;52,0507;50,3916;51,8803;1.305;67.685
01.12.2016;54,4362;54,4362;51,9252;52,0148;1.908;99.238
28.11.2016;53,8354;54,6515;53,4497;54,6515;1.126;61.549
27.11.2016;53,5843;53,9609;53,4497;53,9609;1.180;63.660
26.11.2016;52,0148;53,0462;52,0148;52,9027;323;17.107
25.11.2016;52,7054;53,4139;52,1225;52,266;992;51.869
24.11.2016;50,7324;52,9027;50,4903;52,8758;2.217;117.212
21.11.2016;49,8177;50,5261;49,8177;50,2212;3.070;154.168
20.11.2016;51,1032;51,1032;49,639;49,639;382;18.956
19.11.2016;52,6617;54,0146;52,5332;52,5332;747;39.264
18.11.2016;53,3981;53,5094;53,0299;53,0299;47;2.477
17.11.2016;54,3914;54,3914;53,4837;53,4837;41;2.186
14.11.2016;55,299;55,6587;55,299;55,6587;0;0
13.11.2016;53,1412;54,4599;53,1412;54,2372;339;18.369
12.11.2016;55,6587;55,6587;54,7424;54,7424;53;2.877
11.11.2016;55,6929;55,71;55,5388;55,6587;36;2.015
10.11.2016;57,6624;57,8165;57,3027;57,3027;265;15.191
07.11.2016;54,9993;56,9773;54,9993;56,9773;176;10.048
06.11.2016;56,8575;57,4569;56,6177;57,4569;569;32.678
05.11.2016;59,7603;60,8734;59,3321;60,5994;109;6.582
04.11.2016;57,8936;60,6251;57,8936;60,6251;864;52.392
03.11.2016;56,8489;58,8783;56,8489;58,8783;928;54.664
31.10.2016;54,9651;55,7957;53,7748;55,7957;228;12.706
30.10.2016;54,9137;57,0287;54,9137;56,7376;1.665;94.487
29.10.2016;53,6806;54,614;53,321;54,614;350;19.134
28.10.2016;52,1222;52,4647;52,1222;52,2763;1.014;52.991
27.10.2016;50,1613;51,7026;49,2964;51,4714;1.265;65.099
24.10.2016;51,3772;51,3943;48,7484;50,3497;652;32.810
23.10.2016;52,3705;53,6036;52,2335;53,6036;1.144;61.348
22.10.2016;54,3228;54,8195;53,3638;53,3638;36;1.932
21.10.2016;55,8128;56,4293;55,0849;55,4189;1.359;75.334
20.10.2016;53,5608;54,9137;53,3895;54,9137;1.065;58.487
17.10.2016;54,9308;55,3161;53,9461;55,3161;754;41.732
16.10.2016;51,5399;53,3296;51,5399;52,1907;682;35.595
15.10.2016;57,7052;57,7052;56,8146;56,8146;410;23.289
14.10.2016;58,0477;60,6851;58,0477;59,4691;453;26.947
13.10.2016;52,028;56,2752;52,028;56,2752;319;17.942
10.10.2016;50,3582;52,0622;50,3497;51,206;2.210;113.142
09.10.2016;55,984;57,551;55,984;56,2752;405;22.805
08.10.2016;56,2752;57,6881;54,4256;56,5064;1.046;59.127
07.10.2016;60,8649;60,8649;53,2782;60,0172;138;8.271
06.10.2016;60,8734;61,841;58,2275;59,0838;378;22.356
03.10.2016;62,6716;62,92;62,509;64,2215;280;18.000
02.10.2016;63,6735;64,4955;63,6735;64,2215;193;12.375
01.10.2016;63,939;63,9475;63,331;63,4423;285;18.078
30.09.2016;61,5242;63,4423;60,5395;63,4423;563;35.711
29.09.2016;64,3757;65,0864;64,1873;64,213;326;20.922
26.09.2016;64,6925;65,7543;64,3928;65,1121;235;15.284
25.09.2016;65,035;65,1121;65,035;65,1121;0;0
24.09.2016;65,7971;65,7971;65,0778;65,4032;785;51.327
23.09.2016;65,9341;66,3366;65,0778;65,0778;1.323;86.108
22.09.2016;66,8161;68,0919;66,8161;67,3042;145;9.746
19.09.2016;66,4821;66,4821;65,9084;65,9084;654;43.103
18.09.2016;63,9218;64,1701;63,9218;64,1701;0;0
17.09.2016;66,2937;66,2937;64,1359;64,1359;841;53.928
16.09.2016;66,4479;68,3317;66,4051;68,3317;1.509;103.102
15.09.2016;68,503;68,503;66,4051;66,4051;485;32.183
12.09.2016;68,366;68,9054;68,366;68,9054;128;8.852
11.09.2016;67,4754;68,1005;67,0045;68,3574;1.651;112.880
10.09.2016;67,6895;68,9397;67,4326;68,8369;134;9.245
09.09.2016;69,2308;69,8302;69,2308;69,8302;58;4.078
08.09.2016;69,1366;69,4106;69,1366;69,1794;934;64.632
05.09.2016;67,287;68,443;67,287;68,2204;109;7.409
04.09.2016;70,2155;70,2241;70,2155;70,2155;112;7.872
03.09.2016;70,2155;71,1232;70,2155;71,1232;0;0
02.09.2016;70,6094;70,7636;70,6094;70,7636;0;0
01.09.2016;70,5067;70,5067;70,4382;70,4382;51;3.619
29.08.2016;71,4143;71,5342;71,4143;71,5342;0;0
28.08.2016;70,4553;70,9862;70,4553;70,9862;137;9.699
27.08.2016;70,0528;70,0528;69,796;69,796;0;0
26.08.2016;69,3592;69,3592;69,3592;69,3592;0;0
25.08.2016;70,1813;70,2412;70,1813;70,2412;5;328
22.08.2016;69,9415;69,9415;69,8901;69,8901;0;0
21.08.2016;69,933;69,933;69,736;69,736;0;0
20.08.2016;69,6076;69,6076;69,5648;69,5648;0;0
19.08.2016;69,4534;70,0785;69,4534;69,7446;32;2.199
18.08.2016;70,0015;70,2755;70,0015;70,2755;570;40.050
15.08.2016;69,9158;70,5752;69,9158;70,5752;2.050;144.647
14.08.2016;70,4724;70,4724;69,9929;69,9929;19;1.308
13.08.2016;69,7189;69,7189;69,5904;69,6504;199;13.828
12.08.2016;69,796;70,6094;69,796;70,6094;121;8.576
11.08.2016;70,9691;70,9691;69,9586;69,9586;117;8.170
08.08.2016;68,5972;70,0015;68,5972;69,1709;1.869;129.248
07.08.2016;69,2222;69,2222;68,9654;68,9654;29;2.014
06.08.2016;70,5752;70,5752;69,0167;70,2669;163;11.488
05.08.2016;68,2461;70,2498;68,2375;70,2498;25;1.723
04.08.2016;69,3678;69,8388;69,1537;69,6418;757;52.702
01.08.2016;69,3421;69,4021;69,3421;69,4021;0;0
31.07.2016;69,2222;69,462;69,2222;69,462;0;0
30.07.2016;68,9054;69,3592;68,8369;69,1109;128;8.878
29.07.2016;67,2699;67,5097;67,2699;67,5097;0;0
28.07.2016;68,1947;68,1947;68,1947;68,1947;1;80
25.07.2016;68,503;68,9397;68,2546;68,2546;128;8.768
24.07.2016;70,1299;70,1642;69,5134;69,7874;460;32.111
23.07.2016;69,8216;70,3012;69,7018;70,3012;1.335;93.840
22.07.2016;68,6828;68,8883;68,6828;68,5886;554;37.967
21.07.2016;68,9568;69,2222;68,9568;69,2222;0;0
18.07.2016;69,051;69,051;68,5201;68,5201;218;14.964
17.07.2016;68,854;69,873;68,854;69,7874;285;19.886
16.07.2016;68,2803;68,3317;67,5268;67,8522;667;45.246
15.07.2016;69,1452;69,1452;67,0901;68,5201;600;41.130
14.07.2016;70,481;70,481;69,1366;69,6761;1.693;117.987
11.07.2016; ; ; ;70,7892;12;827
10.07.2016;70,2755;70,6951;70,0871;70,6951;132;9.329
09.07.2016;71,2003;71,2003;71,2003;71,4315;0;0
08.07.2016;70,1042;70,7379;69,9672;70,7379;1.199;84.840
07.07.2016;71,0119;71,0119;70,9862;70,5409;281;19.854
04.07.2016;70,9776;70,9776;70,9605;70,9605;0;0
03.07.2016;70,3525;71,4914;70,3525;71,4058;130;9.256
02.07.2016;71,6541;71,9538;71,6541;71,9538;0;0
01.07.2016;70,755;70,755;70,7207;70,7207;0;0
30.06.2016;70,6608;71,1746;70,6608;71,1746;23;1.662
27.06.2016;71,774;73,1954;71,774;72,1165;48;3.453
26.06.2016;73,7177;73,7177;72,2706;71,6541;228;16.318
25.06.2016;73,7948;73,8804;73,7948;73,8804;0;0
24.06.2016;73,8804;74,4028;72,7844;74,4028;180;13.381
23.06.2016;73,6749;73,6921;73,6749;73,6921;0;0
20.06.2016;74,9936;75,456;74,9936;75,456;132;9.958
19.06.2016;75,0107;75,0107;75,0107;75,0107;152;11.388
18.06.2016;75,653;75,653;75,6358;75,6358;0;0
17.06.2016;75,6958;75,9441;75,6958;75,9441;40;3.015
16.06.2016;76,6462;76,6719;75,5759;75,5759;278;21.006
13.06.2016;75,2762;75,7043;74,8652;74,8652;180;13.464
12.06.2016;74,5055;74,6083;74,437;74,6083;117;8.713
11.06.2016;75,5074;75,5074;75,4046;75,4046;0;0
10.06.2016;74,497;74,7967;74,3771;74,3857;2.593;192.851
09.06.2016;74,9251;74,9251;74,9251;74,9251;0;0
06.06.2016;76,3037;76,5949;76,3037;76,5949;35;2.684
05.06.2016;76,5264;77,1086;76,2524;77,1086;117;9.005
04.06.2016;76,4664;76,8346;76,0383;76,8346;30;2.333
03.06.2016;76,2952;76,4151;76,2952;76,4151;163;12.494
02.06.2016;77,5197;77,5197;76,338;76,338;51;3.923
30.05.2016;77,1258;77,5796;76,8089;76,9716;570;43.866
29.05.2016;75,9955;76,5863;75,9955;76,5777;976;74.763
28.05.2016;75,3533;76,1239;75,3533;76,1239;1.168;88.900
27.05.2016;75,7129;75,7129;75,653;75,653;0;0
26.05.2016;75,9441;76,1839;75,8585;75,8585;163;12.403
23.05.2016;76,5264;77,2713;76,5264;77,2713;7;541
22.05.2016;76,4151;77,2542;76,4151;76,5349;234;17.876
21.05.2016;77,1771;77,2285;76,8175;76,8175;35;2.691
20.05.2016;77,9992;77,9992;77,2028;77,2028;70;5.410
19.05.2016;77,708;77,708;76,612;76,612;234;17.894
16.05.2016;76,7404;76,8346;76,7404;76,8346;0;0
15.05.2016;76,2438;76,2438;76,2352;76,2352;0;0
14.05.2016;75,7985;75,8071;75,6786;75,6786;67;5.038
13.05.2016;75,4988;75,9527;75,0792;75,3104;335;25.242
12.05.2016;75,4132;75,4132;75,3704;75,3704;0;0
09.05.2016;75,3104;75,3104;74,4884;75,2933;29;2.198
08.05.2016;75,2505;75,9441;75,2505;75,5588;334;25.237
07.05.2016;74,9508;75,4389;74,9508;75,4389;14;1.057
06.05.2016;75,3533;75,7129;75,3533;74,711;28;2.094
05.05.2016;73,8205;73,9661;73,8205;73,9147;610;45.059
02.05.2016;74,4028;75,456;74,4028;75,456;607;45.822
30.04.2016;73,1098;74,1545;72,7844;74,1545;34;2.511
29.04.2016;73,5979;73,5979;73,0156;73,0156;37;2.729
28.04.2016;73,7863;74,908;73,7863;74,908;109;8.136
25.04.2016;73,5807;73,8291;73,5037;73,8291;82;6.035
24.04.2016;72,8272;72,9214;72,8101;72,8101;82;5.952
23.04.2016;73,204;73,3239;73,0327;73,0327;234;17.058
22.04.2016;72,8957;72,8957;72,8186;72,8186;0;0
21.04.2016;73,0841;73,0927;72,7844;72,7844;98;7.140
18.04.2016;72,0394;73,1098;72,0394;72,9214;1.051;76.644
17.04.2016;71,577;72,8529;71,577;72,6731;467;33.948
16.04.2016;70,7464;71,2602;70,7464;71,2602;0;0
15.04.2016;70,3611;70,3611;70,284;70,284;0;0
14.04.2016;69,7275;69,7275;69,6675;69,6675;0;0
11.04.2016;71,8682;72,2449;71,1146;71,2773;528;37.624
10.04.2016;71,9195;71,9195;70,7036;70,7036;117;8.257
09.04.2016;71,6284;71,6883;71,6284;71,6883;0;0
08.04.2016;71,8254;71,8254;71,5428;71,5428;163;11.697
07.04.2016;72,3563;72,6474;72,0908;72,6474;633;45.983
04.04.2016;71,6113;71,6284;71,6113;71,6284;0;0
03.04.2016;71,5;71,5;71,2345;71,2345;0;0
02.04.2016;71,226;71,6027;71,2003;71,6027;26;1.840
01.04.2016;69,4449;72,1593;69,4449;72,1593;103;7.416
31.03.2016;69,5648;69,6247;69,0167;69,6247;724;50.412
28.03.2016;69,6589;69,6589;69,5648;69,5648;23;1.625
27.03.2016;69,3421;70,0272;69,3421;69,8901;124;8.652
26.03.2016;69,3592;70,1984;69,3421;69,3421;71;4.940
25.03.2016;69,7446;69,7446;69,0852;69,0852;23;1.614
20.03.2016;67,758;67,758;67,3983;67,3983;0;0
19.03.2016;69,1024;69,1024;68,0919;68,0919;23;1.590
18.03.2016;69,051;69,051;68,3916;68,7256;229;15.731
17.03.2016;68,4345;68,503;68,1091;68,4858;409;27.993
14.03.2016;71,1574;71,2431;69,5219;69,8816;304;21.219
13.03.2016;70,2155;70,344;69,7788;69,7788;123;8.556
12.03.2016;70,7122;72,0394;70,7122;71,5342;68;4.845
11.03.2016;70,07;70,6865;70,07;70,6865;21;1.486
10.03.2016;70,8406;71,0376;70,5837;70,5837;47;3.297
07.03.2016;71,1831;71,4229;70,6694;70,7978;1.243;87.972
06.03.2016;72,0651;72,0651;71,9966;71,9966;0;0
05.03.2016;71,44;71,44;71,3287;71,3287;0;0
04.03.2016;72,0908;72,0908;71,3458;71,6113;1.170;83.797
03.03.2016;71,5942;71,6798;71,5942;71,5942;0;0
29.02.2016;73,5379;73,6835;72,6131;73,6835;4.801;353.752
28.02.2016;74,4199;74,4199;74,0688;74,0688;0;0
27.02.2016;74,8566;74,8566;74,7025;74,7025;868.681;64.892.600
26.02.2016;74,5826;74,5826;74,4542;74,7624;374;27.939
25.02.2016;73,4866;73,4866;73,341;73,341;0;0
22.02.2016;73,3667;73,4352;73,3667;73,4352;0;0
21.02.2016;73,8719;74,086;73,8719;74,086;0;0
20.02.2016;73,2982;73,2982;72,9813;72,9813;0;0
19.02.2016;73,3324;73,3495;73,3324;73,3495;0;0
18.02.2016;73,0927;73,3924;73,0927;73,3924;0;0
15.02.2016;73,5465;73,5465;72,7159;73,2468;248;18.134
14.02.2016;73,5465;73,5465;73,3667;73,3667;0;0
13.02.2016;72,7673;73,2639;72,7673;73,2639;0;0
12.02.2016;72,1165;72,1165;71,9367;71,9367;0;0
11.02.2016;71,3801;71,5428;71,3801;71,5428;0;0
08.02.2016;71,9281;71,9281;71,4572;71,4572;175;12.518
07.02.2016;71,9281;71,9281;71,9281;71,9281;0;0
06.02.2016;71,5599;73,0841;71,5599;72,5532;273;19.827
05.02.2016;73,6835;73,6835;73,0927;73,0927;102;7.426
04.02.2016;73,752;73,9832;73,5465;73,8719;424;31.316
01.02.2016;72,0737;74,1459;72,0737;74,1459;201;14.893
31.01.2016;72,1936;72,7758;71,5942;72,7758;822;59.833
30.01.2016;71,4058;71,4058;71,0975;71,0975;572;40.685
29.01.2016;71,8339;72,4333;71,8339;72,4333;0;0
28.01.2016;71,5257;71,5257;69,8987;71,1746;280;19.949
25.01.2016;71,911;73,8719;71,911;71,6627;374;26.781
24.01.2016;72,3477;72,3477;71,166;71,4572;81;5.758
23.01.2016;71,5342;71,5342;65,7286;65,7286;330;21.723
22.01.2016;67,1243;68,9654;66,3879;68,9654;4.681;322.804
21.01.2016;71,5;71,5;68,3317;68,3317;2.267;154.892
18.01.2016;73,9489;73,9489;73,4609;74,0603;391;28.974
17.01.2016;74,8652;74,8737;74,4456;74,4456;119;8.868
16.01.2016;74,2829;74,5227;74,2058;74,2058;861;63.868
15.01.2016;76,4836;77,1515;76,3123;76,3123;163;12.477
14.01.2016;76,4322;76,8346;76,4065;76,8346;93;7.178
11.01.2016;77,5539;77,6224;77,0487;77,0487;6;450
10.01.2016;78,0506;78,0506;77,4255;77,4255;216;16.728
09.01.2016;77,3313;77,9478;77,3313;77,494;39;2.987
08.01.2016;78,1876;78,1876;78,1191;78,1191;0;0
07.01.2016;78,2133;78,2133;77,9564;77,9564;441;34.413
04.01.2016;78,5643;78,7013;78,5643;78,7013;107;8.456
03.01.2016;78,8555;78,8555;77,6481;78,6842;249;19.573
02.01.2016;79,1894;79,2065;79,1894;79,2065;0;0
28.12.2015;80,0714;80,1485;79,5405;79,5491;234;18.580
27.12.2015;79,5833;79,746;79,4549;79,5405;1.607;127.817
21.12.2015;78,513;78,8298;78,513;78,7013;540;42.462
20.12.2015;77,9392;78,1533;77,9392;78,1533;0;0
19.12.2015; ; ; ;77,5197;0;0
18.12.2015; ; ; ;78,1362;0;0
17.12.2015; ; ; ;77,7851;12;908
14.12.2015;78,5215;78,5643;77,8536;78,5643;701;55.050
13.12.2015;78,7613;78,8041;77,9392;78,8041;64;5.062
12.12.2015;78,4787;78,4787;78,2818;78,2818;0;0
11.12.2015;79,6347;79,6347;79,335;79,335;0;0
10.12.2015;79,1466;79,6518;79,1466;79,6518;217;17.302
07.12.2015;79,1552;79,9858;79,1552;79,9858;12;934
06.12.2015;78,7356;79,198;78,6243;78,9925;128;10.148
05.12.2015;77,9649;78,2218;77,9649;78,2218;0;0
04.12.2015;78,0677;78,2732;78,0249;78,2646;2.032;159.036
03.12.2015;78,2133;78,2133;77,9992;78,1876;49;3.835
30.11.2015;77,023;78,3674;77,023;78,3674;269;21.050
29.11.2015;77,3827;78,5472;77,3827;77,494;611;47.332
28.11.2015;75,1392;76,5178;75,1392;76,5178;30;2.323
27.11.2015;75,1049;75,1049;73,9575;74,4456;85;6.347
26.11.2015;77,1001;77,1001;75,4303;75,4303;548;41.314
23.11.2015;75,5331;76,0554;75,4731;76,0554;79;6.040
22.11.2015;76,141;76,141;74,8224;75,4303;47;3.524
21.11.2015;75,593;76,0897;75,3104;75,3961;199;14.969
20.11.2015;75,9013;75,9869;75,4817;75,9869;360;27.332
19.11.2015;76,2095;76,2181;76,0212;76,0212;217;16.513
16.11.2015;76,278;76,3979;75,7814;76,3123;494;37.698
15.11.2015;77,3655;77,3655;75,8976;75,9059;784;59.495
14.11.2015;78,0538;78,0538;77,8548;77,7304;171;13.310
13.11.2015;76,8016;77,6806;76,4699;77,7304;423;32.899
12.11.2015;77,2162;77,2162;77,067;77,9377;54;4.229
09.11.2015;78,7753;78,8665;77,747;77,747;339;26.344
08.11.2015;78,8831;79,6876;78,8831;79,6876;1.230;98.012
07.11.2015;80,1105;80,1685;79,4636;79,4636;482;38.328
06.11.2015;79,7124;80,1768;79,7124;80,011;724;57.888
05.11.2015;79,107;79,87;79,107;79,8037;87;6.929
02.11.2015;79,9861;79,9861;79,2646;79,2646;24;1.912
01.11.2015;81,0725;81,0725;80,1851;80,1851;254;20.402
31.10.2015;80,5666;80,6827;80,55;80,6164;137;11.082
30.10.2015;80,6744;80,6744;80,6081;80,6081;0;0
29.10.2015;80,9978;80,9978;80,9481;80,9481;0;0
26.10.2015;80,4339;80,4339;80,2764;80,2764;0;0
25.10.2015;79,7456;79,9944;79,6461;79,9944;60;4.823
24.10.2015;79,4222;79,6793;79,4222;79,6793;181;14.412
23.10.2015;78,8997;79,1734;78,8997;79,1734;0;0
22.10.2015;79,0324;79,0324;78,1616;78,1616;72;5.655
19.10.2015;79,3144;80,21;78,9992;78,9992;350;27.625
18.10.2015;80,7988;80,7988;80,0939;80,0939;482;38.632
17.10.2015;80,1105;80,4339;80,1105;80,4339;139;11.154
16.10.2015;79,729;79,9281;79,5134;79,9281;128;10.216
15.10.2015;80,8403;81,1057;80,8403;80,9813;769;62.301
12.10.2015;80,55;80,6827;80,1934;80,6827;1.133;91.453
11.10.2015;80,7491;81,2466;80,6744;81,2466;1.021;82.981
10.10.2015;80,4339;80,4339;80,2349;80,2349;0;0
09.10.2015;79,6958;79,9778;79,6958;79,9778;88;7.040
08.10.2015;80,0276;80,2183;79,7705;80,0027;22;1.736
05.10.2015;79,5549;79,9446;79,5466;79,6295;633;50.411
04.10.2015;78,767;79,8617;78,767;79,8617;24;1.926
03.10.2015;79,6129;79,6793;79,6046;79,6793;241;19.216
02.10.2015;79,9198;79,9198;79,8037;79,8037;0;0
01.10.2015;78,9992;78,9992;78,85;78,85;0;0
28.09.2015;79,0158;79,0158;78,9744;78,9744;0;0
27.09.2015;79,2231;79,4553;79,2231;79,4553;36;2.874
26.09.2015;78,8085;78,908;78,8085;78,908;36;2.855
25.09.2015;78,7504;78,7504;78,5017;78,5017;0;0
24.09.2015;78,7504;78,9826;78,7504;78,85;18;1.426
21.09.2015;78,2694;78,85;78,2694;78,8417;1.206;95.070
20.09.2015;78,5514;78,7836;78,3524;78,3524;259;20.313
19.09.2015;79,3641;79,3641;78,1036;78,4021;808;63.342
18.09.2015;76,4035;76,4947;76,4035;76,4947;0;0
17.09.2015;77,4567;77,4567;76,3952;76,785;1.195;91.757
14.09.2015;77,1499;77,1499;76,9426;76,9426;20;1.577
13.09.2015;76,4865;77,1167;76,4865;76,9343;64;4.917
12.09.2015;76,4699;76,7187;76,4699;76,7187;64;4.903
11.09.2015;75,8728;76,2211;75,8728;76,2211;327;24.908
10.09.2015;75,9557;75,9557;75,3171;75,3171;362;27.246
07.09.2015;77,0006;77,4153;77,0006;77,0753;193;14.870
06.09.2015;77,2079;77,7387;77,2079;77,2328;268;20.675
05.09.2015;77,9709;77,9709;77,946;77,946;0;0
04.09.2015;78,1782;78,3109;77,5562;78,3109;134;10.482
03.09.2015;77,1416;77,7802;77,1416;77,6641;1.928;149.746
31.08.2015;76,445;77,4484;76,445;77,3738;603;46.650
30.08.2015;75,8147;75,8147;75,6406;75,6406;0;0
29.08.2015;75,624;75,624;75,0683;75,0683;362;27.156
28.08.2015;75,9308;75,9308;75,8645;75,8645;0;0
27.08.2015;76,3621;76,3621;76,2957;76,2957;0;0
24.08.2015;75,5162;76,3621;75,4415;76,3621;78;5.985
23.08.2015;77,0255;77,0255;76,3703;75,4581;76;5.732
22.08.2015;75,1844;76,8596;75,1844;76,8596;61;4.727
21.08.2015;75,1596;75,2259;74,7366;74,7864;967;72.324
20.08.2015;74,5459;74,7864;73,899;73,899;604;44.644
17.08.2015;71,8092;74,5459;71,8092;74,38;3.589;266.917
16.08.2015;73,9737;73,9737;71,7926;71,7926;3.396;243.781
15.08.2015;74,7615;75,4996;74,7615;75,4996;773;58.357
14.08.2015;76,0718;76,1299;75,9225;75,9308;3.015;228.900
13.08.2015;75,1679;76,0552;75,1679;76,0552;112;8.529
10.08.2015;74,7366;75,9391;74,4464;74,4464;1.662;123.703
09.08.2015;77,7221;77,7221;76,3786;76,3786;711;54.339
08.08.2015;76,6689;76,9094;76,6689;76,9094;1.809;139.110
07.08.2015;75,8645;75,9972;75,8645;75,9972;0;0
06.08.2015;75,7815;75,7815;74,6869;74,6869;33;2.432
03.08.2015;77,0089;77,0089;76,3869;76,3869;13;1.013
02.08.2015;76,6606;77,2909;76,6523;77,2909;60;4.660
01.08.2015;76,1879;76,7104;75,3088;76,3538;1.025;78.260
31.07.2015;77,5728;77,5728;76,9674;77,5728;1.440;111.687
30.07.2015;77,1499;77,1499;76,4118;76,5694;973;74.510
27.07.2015;76,7767;77,8714;76,7767;77,5397;1.650;127.908
26.07.2015;79,6212;79,6212;77,9792;77,3406;693;53.625
25.07.2015;79,4388;79,4388;78,9578;78,9578;0;0
24.07.2015;80,5666;80,5749;80,1271;80,1271;470;37.682
23.07.2015;80,4008;80,5915;80,3012;80,3095;749;60.138
20.07.2015;80,7905;80,7905;80,7408;80,7408;0;0
19.07.2015;80,3261;80,3925;80,3261;80,3925;0;0
18.07.2015;79,8285;79,87;79,8285;79,87;0;0
17.07.2015; ; ; ;80,5749;0;0
16.07.2015;80,7822;80,7822;80,7408;80,7408;0;0
13.07.2015;80,8071;80,8071;80,7656;80,7656;0;0
12.07.2015;79,8119;79,8119;79,6046;79,7207;10;769
11.07.2015;80,152;80,152;79,3641;79,3641;24;1.914
10.07.2015;80,9564;80,9564;80,0607;80,0939;96;7.726
09.07.2015;81,2301;81,9184;81,2301;81,2798;96;7.841
06.07.2015;80,8569;80,8569;80,8569;80,8569;0;0
05.07.2015;80,8569;80,8569;80,8569;80,8569;0;0
04.07.2015;80,8237;80,9066;80,8237;80,9066;24;1.951
03.07.2015;80,3095;80,5666;80,3095;80,5666;54;4.372
02.07.2015;79,8119;79,8119;79,6046;79,6046;0;0
29.06.2015;80,6164;80,6164;79,7539;79,7539;109;8.655
28.06.2015;80,069;80,069;79,3973;79,3973;18;1.436
27.06.2015;78,7836;78,7836;78,6841;78,6841;34;2.657
26.06.2015;79,0739;79,0739;79,0241;79,0241;0;0
25.06.2015;79,5134;79,6212;79,2314;79,6129;494;39.360
22.06.2015;79,8949;79,8949;79,6461;79,6461;0;0
21.06.2015;80,7076;81,2135;80,2515;81,2052;2.845;230.993
20.06.2015;81,0227;81,0227;80,8983;80,8983;96;7.804
19.06.2015;80,9398;80,9398;80,9398;80,9398;0;0
18.06.2015;81,031;81,0642;81,031;81,0393;381;30.880
15.06.2015;80,1603;80,2515;80,1603;80,2515;96;7.742
14.06.2015;79,5051;79,5051;79,5051;79,5051;0;0
13.06.2015;78,1865;78,1865;78,1782;78,1782;0;0
12.06.2015;78,9329;78,9578;78,8997;78,8997;374;29.493
11.06.2015;79,4885;79,4885;78,6592;79,3641;526;41.725
08.06.2015;78,2943;78,6095;78,1699;78,6095;3.639;286.076
07.06.2015;79,4222;79,4222;79,2231;79,2231;0;0
06.06.2015;80,3012;80,7408;79,5797;79,588;236;18.810
05.06.2015;80,9232;80,9232;80,4754;80,5583;10;777
04.06.2015;80,8569;81,371;80,3759;81,3627;3.081;250.671
01.06.2015;80,8569;80,9978;80,7739;80,9978;84;6.837
31.05.2015;80,0276;80,0939;80,0276;80,0939;241;19.316
30.05.2015;79,4139;80,3925;79,4139;80,3925;72;5.816
29.05.2015; ; ; ;79,6958;48;3.844
25.05.2015;79,2314;79,2812;79,2149;79,2563;258;20.452
24.05.2015;79,7207;80,2681;79,6958;79,7041;123;9.803
23.05.2015;80,3842;80,3842;79,6793;79,6793;159;12.683
22.05.2015;79,2563;79,3227;79,2149;79,3227;101;8.035
21.05.2015;79,6046;79,9695;78,9992;79,2646;1.140;90.323
18.05.2015;78,427;79,2563;78,427;78,8334;1.010;79.660
17.05.2015;78,8417;78,8417;78,709;78,7173;152;11.960
16.05.2015; ; ; ;77,5894;0;0
15.05.2015;78,228;78,228;78,228;78,228;0;0
14.05.2015;78,0372;78,4187;77,7802;77,7802;646;50.271
11.05.2015;78,1368;78,1865;77,5397;78,1865;774;60.528
10.05.2015;77,7304;78,4104;77,465;78,1119;116;9.042
09.05.2015;78,1865;78,1865;77,747;77,747;965;75.000
08.05.2015;78,369;78,369;78,0124;78,029;941;73.390
07.05.2015;78,5099;78,5099;78,4851;78,4851;169;13.250
04.05.2015;78,4104;78,5017;77,9543;78,4934;195;15.333
03.05.2015;77,9543;78,5265;77,9543;77,9626;133;10.341
02.05.2015;77,9792;78,0124;77,9792;78,0124;89;6.961
30.04.2015;77,7719;77,8465;77,7719;77,805;80;6.192
27.04.2015;77,7967;77,7967;77,606;77,606;0;0
26.04.2015;77,9709;78,0621;77,9211;77,9211;1.293;100.725
25.04.2015;77,5894;77,8465;77,2162;77,8465;314;24.406
24.04.2015;77,6226;77,6226;77,2079;77,2079;724;55.860
23.04.2015;77,4733;77,6143;77,4733;77,6143;0;0
20.04.2015;76,7518;77,6143;76,7518;77,6143;242;18.812
19.04.2015;77,0918;77,0918;76,5943;77,0089;141;10.865
18.04.2015;76,9923;76,9923;76,5943;76,5943;2;185
17.04.2015;77,2992;77,946;77,2245;77,9377;1.092;85.146
16.04.2015;77,1997;77,2577;76,9343;77,0918;256;19.708
13.04.2015;76,7767;76,8265;76,2708;76,2708;772;58.861
12.04.2015;76,1381;76,5279;75,9723;75,9723;1.881;142.912
11.04.2015;76,5943;77,3075;76,5196;76,5196;972;74.370
10.04.2015;76,5694;76,6938;75,9557;76,503;3.437;262.913
05.04.2015;76,4947;76,4947;76,1464;76,1796;588;44.828
04.04.2015;76,1133;76,4035;76,022;76,2625;301;22.990
03.04.2015;75,541;76,105;75,541;76,0967;816;62.122
02.04.2015;74,7366;75,2508;74,7366;75,2508;23;1.724
30.03.2015;74,8776;74,9191;74,8776;74,9191;0;0
29.03.2015;74,6952;75,1927;74,6952;74,9854;2.734;204.982
28.03.2015;74,5459;74,6122;74,5459;74,6122;19;1.440
27.03.2015;74,9274;75,1181;74,7864;74,7864;1.242;92.885
26.03.2015;75,2425;75,3835;75,2425;75,3835;0;0
23.03.2015;74,7864;75,4084;74,7864;74,8942;557;41.723
22.03.2015;74,9191;75,0435;74,6371;75,0435;282;21.175
21.03.2015;73,7415;73,8576;73,7415;73,8576;31;2.316
20.03.2015;73,4263;74,1893;73,3517;74,1395;2.183;161.814
19.03.2015;72,9039;73,1941;72,4146;73,1941;1.524;111.561
16.03.2015;71,9004;71,9004;71,7594;71,7594;289;20.767
15.03.2015;71,776;72,2736;71,776;71,8672;868;62.395
14.03.2015;71,2784;71,7097;70,2833;71,3116;5.578;397.790
13.03.2015;72,9868;73,5922;72,68;72,9785;2.208;161.128
12.03.2015;73,3683;73,7415;73,0614;73,6419;751;55.322
09.03.2015;73,5756;73,5756;73,1941;73,3932;453;33.276
08.03.2015;72,8044;73,7249;72,5639;73,7249;3.827;282.169
07.03.2015;72,1907;72,2321;72,1907;72,199;321;23.158
06.03.2015;70,673;72,2073;70,673;72,2073;807;58.250
05.03.2015;71,3116;71,3116;70,1589;70,5155;4.317;304.407
02.03.2015;72,3731;72,398;71,6516;71,6516;3.388;242.784
01.03.2015;72,2819;73,2522;71,1706;71,8755;7.588;545.414
28.02.2015;72,539;74,2225;72,539;73,3932;3.646;267.624
27.02.2015;75,7484;76,0469;73,2688;73,2688;7.433;544.589
26.02.2015;75,6737;75,682;75,6489;75,6489;259;19.612
23.02.2015;75,4747;75,5162;75,4747;75,5162;0;0
22.02.2015;75,0932;75,6654;75,0932;75,342;265;19.987
21.02.2015;75,5493;75,5493;75,4249;75,4332;241;18.192
20.02.2015;75,6737;76,1216;75,5493;75,8811;458;34.770
19.02.2015;75,4415;76,1299;75,4415;76,1299;24;1.836
16.02.2015;75,7484;76,2128;75,7484;76,1299;687;52.326
15.02.2015;76,1962;76,3455;76,1547;76,3455;314;23.936
14.02.2015;75,9474;76,1299;75,8147;76,1299;24;1.836
13.02.2015;75,4332;76,0469;75,4249;76,0137;386;29.331
12.02.2015;75,624;76,2377;75,624;76,0055;414;31.436
09.02.2015;76,0552;76,2957;75,8396;76,2874;113;8.647
08.02.2015;76,2957;76,304;76,2791;76,304;400;30.547
07.02.2015;76,2957;76,6026;76,2957;76,2957;24;1.840
06.02.2015;75,9225;76,246;75,9225;75,9889;748;56.811
05.02.2015;76,2294;76,2542;75,9474;76,246;497;37.879
02.02.2015;76,022;76,022;75,7235;76,022;374;28.418
01.02.2015;75,5328;75,5328;75,5328;75,5328;362;27.324
31.01.2015;75,1513;75,4498;75,1347;75,4415;2.660;201.480
30.01.2015;74,803;75,2508;74,803;75,2508;111;8.348
29.01.2015;75,1264;75,2093;74,8361;75,2093;745;56.046
26.01.2015;74,803;75,1098;74,803;74,803;265;19.844
25.01.2015;75,4996;75,541;75,1513;75,1513;1.077;80.924
24.01.2015;74,9274;75,4167;74,9274;75,4167;2;182
23.01.2015;74,8527;75,1015;74,7947;75,1015;34;2.536
22.01.2015;75,3669;75,4581;74,9357;74,9357;3.174;237.828
19.01.2015;74,5542;74,5708;74,5542;74,5708;0;0
18.01.2015;75,201;75,201;74,7947;75,1844;157;11.786
17.01.2015;74,9771;75,0186;74,9605;75,0186;36;2.714
16.01.2015;74,8527;75,3586;74,8527;75,342;386;29.072
15.01.2015;74,6703;75,0683;74,6537;75,0683;36;2.716
12.01.2015;74,0649;74,463;74,0566;74,3883;96;7.176
11.01.2015;73,5258;74,5708;73,5258;74,5708;972;72.476
10.01.2015;73,6419;73,8824;73,6419;73,6419;605;44.578
09.01.2015;73,8161;73,8161;73,8161;73,8161;60;4.451
08.01.2015;73,8327;73,9737;73,8327;73,9737;285;21.051
05.01.2015;74,0151;74,4215;73,9903;74,4215;169;12.564
04.01.2015;74,4547;74,4547;74,04;74,04;182;13.481
03.01.2015;74,6039;74,662;74,239;74,662;930;69.413
02.01.2015;73,6834;74,4215;73,6834;74,4215;36;2.692
01.01.2015; ; ; ;73,8742;0;0
29.12.2014;73,8824;73,9488;73,8742;73,8742;101;7.483
28.12.2014;73,8161;73,8327;73,8161;73,8327;0;0
27.12.2014;73,3849;74,04;73,3849;73,6254;2.120;156.075
26.12.2014; ; ; ;73,6005;0;0
25.12.2014; ; ; ;73,6005;0;0
22.12.2014;73,5922;73,9903;73,5922;73,6005;265;19.525
21.12.2014;73,5922;73,9985;73,5839;73,5839;30;2.218
20.12.2014;73,6751;74,0566;73,6502;74,0566;1.089;80.638
19.12.2014;73,6668;73,6668;73,5673;73,5673;0;0
18.12.2014;73,9405;73,982;73,5424;73,982;414;30.599
15.12.2014;73,5507;73,5839;73,5507;73,5839;0;0
14.12.2014;73,1692;73,6005;73,1692;73,6005;60;4.438
13.12.2014;72,3814;72,5639;72,3814;72,5639;0;0
12.12.2014;72,2073;72,2404;72,2073;72,2404;0;0
11.12.2014;72,738;72,738;72,3648;72,3648;60;4.363
08.12.2014;72,4975;72,4975;72,1243;72,1658;270;19.492
07.12.2014;71,7843;72,199;71,7843;71,8424;506;36.385
06.12.2014;71,8921;72,2238;71,859;72,2238;1;87
05.12.2014;71,577;72,116;71,577;72,0994;146;10.520
04.12.2014;71,3862;71,7511;71,3697;71,5521;973;69.628
01.12.2014;71,8258;72,2487;71,8258;72,2073;195;14.105
30.11.2014;71,6185;71,9999;71,6185;71,6516;326;23.328
29.11.2014;71,1292;71,6848;71,1292;71,4443;535;38.251
28.11.2014;71,1375;71,1375;71,1375;71,1375;0;0
27.11.2014;72,6385;72,6385;72,1409;72,1409;6.748;486.796
24.11.2014;72,9785;73,2853;72,9536;73,2853;60;4.419
23.11.2014;72,8598;72,8598;72,8036;72,8036;0;0
22.11.2014;72,8678;73,2051;72,8678;73,0284;734;53.570
21.11.2014; ; ; ;72,7875;376;27.376
20.11.2014;73,2693;73,2693;72,7072;72,7072;32;2.354
17.11.2014;72,8678;72,8678;72,8598;72,8598;0;0
16.11.2014;72,7153;73,0766;72,7153;73,0766;280;20.477
15.11.2014;72,7072;73,0846;72,7072;72,7715;376;27.370
14.11.2014;72,362;72,7634;72,362;72,7474;96;6.976
13.11.2014;72,659;72,7153;72,37;72,378;550;39.842
10.11.2014;72,2094;72,2415;71,9203;72,2415;2.629;189.927
09.11.2014;72,2656;72,2897;72,2094;72,2094;375;27.069
08.11.2014;72,1371;72,2174;71,8962;72,2174;75;5.396
07.11.2014;72,1211;72,1211;72,105;72,105;0;0
06.11.2014;71,6232;72,2174;71,6232;72,2174;9;630
03.11.2014;71,2378;71,551;71,2298;71,551;25;1.782
02.11.2014;71,3502;71,3502;71,3342;71,4626;25;1.780
01.11.2014;71,4948;71,4948;71,4787;71,4787;0;0
31.10.2014;71,2699;71,3502;71,2699;71,3502;0;0
30.10.2014;71,5429;71,5429;71,0933;71,4145;2;178
27.10.2014;71,8159;71,8481;71,7517;71,8481;68;4.921
26.10.2014;71,5189;71,551;71,5189;71,551;0;0
25.10.2014;71,3422;71,3422;71,1736;71,2137;357;25.454
24.10.2014;70,9809;70,9889;70,9809;70,9889;0;0
23.10.2014;70,8444;70,9086;70,6998;70,9086;151;10.686
20.10.2014;70,5633;70,6035;70,5633;70,6035;0;0
19.10.2014; ; ; ;70,3225;0;0
18.10.2014; ; ; ;70,3706;0;0
17.10.2014;70,7962;70,7962;70,4108;70,4108;70;4.911
16.10.2014;70,6597;70,6758;70,3546;70,4349;902;63.509
13.10.2014;70,3144;70,3144;69,913;70,2903;82;5.778
12.10.2014;69,5034;70,1458;69,5034;70,1458;107;7.513
11.10.2014;69,4874;69,7765;69,4874;69,5034;162;11.253
10.10.2014;69,3509;69,3509;69,3509;69,3509;22;1.555
09.10.2014;69,3188;69,4312;69,2947;69,4312;473;32.859
06.10.2014;69,0136;69,0538;68,8771;68,9334;1.932;133.153
05.10.2014;69,1582;69,1582;68,7567;68,7567;725;49.837
04.10.2014;68,2348;68,5961;68,2348;68,5881;1.679;115.146
03.10.2014;68,283;68,283;68,1786;68,1786;30;2.038
02.10.2014;68,5319;68,7567;68,5078;68,7487;1.016;69.866
29.09.2014;68,2749;68,9012;68,2508;68,2508;619;42.245
28.09.2014;68,2508;68,2508;68,2508;68,2508;0;0
27.09.2014;68,0662;68,5801;68,0662;68,5801;25;1.708
26.09.2014;68,0581;68,0742;67,4961;68,0742;399;27.130
25.09.2014;67,5121;67,7771;67,4479;67,464;775;52.260
22.09.2014;67,6727;67,6727;67,4961;67,4961;0;0
21.09.2014;68,01;68,01;67,753;67,753;235;15.948
20.09.2014;67,8092;68,2107;67,8092;68,2107;474;32.366
19.09.2014;68,0742;68,2508;67,9297;67,9297;710;48.222
18.09.2014;67,9136;67,9939;67,9136;67,9939;0;0
15.09.2014;67,7691;68,3873;67,7691;68,3873;563;38.497
14.09.2014;67,9377;68,2508;67,9377;68,2508;35;2.380
13.09.2014;67,5362;68,0019;67,5362;67,6486;1.978;133.789
12.09.2014;67,0464;67,0464;67,0223;67,0223;0;0
11.09.2014;67,1829;67,2712;66,8216;67,2712;301;20.275
08.09.2014;67,199;67,207;67,199;67,207;0;0
07.09.2014;67,3515;67,7048;67,3515;67,7048;19;1.265
06.09.2014;68,1143;68,3231;68,1143;68,3231;19;1.276
05.09.2014;68,1946;68,1946;68,1946;68,1946;0;0
04.09.2014;68,283;68,283;68,1946;68,1946;37;2.548
01.09.2014;68,026;68,2589;68,026;68,2589;149;10.201
31.08.2014;67,9778;68,1786;67,9778;67,9778;52;3.556
30.08.2014;67,8413;68,1304;67,8413;68,1304;15;1.018
29.08.2014;67,9778;68,2428;67,9778;68,2428;135;9.179
28.08.2014;67,9297;67,9297;67,9297;67,9297;164;11.167
25.08.2014;67,8494;67,8895;67,8494;67,8895;0;0
24.08.2014;67,3676;67,48;67,3676;67,48;0;0
23.08.2014;67,3435;67,488;67,0464;67,0464;1.245;83.500
22.08.2014;67,207;67,48;67,1347;67,48;85;5.715
21.08.2014;67,3515;67,4318;67,0625;67,4158;907;61.123
18.08.2014;67,1107;67,3756;67,1107;67,3756;19;1.259
17.08.2014;67,1267;67,3435;67,1267;67,1749;1.844;123.900
16.08.2014;67,0946;67,4559;67,0785;67,1428;1.443;96.916
15.08.2014;66,9982;67,472;66,6851;67,472;181;12.184
14.08.2014;66,6851;67,1187;66,6851;67,0866;329;22.057
11.08.2014;66,669;67,0544;66,669;66,8457;22;1.499
10.08.2014;66,1632;66,653;65,8661;66,653;22;1.494
09.08.2014;66,7172;67,1829;66,6209;67,1829;177;11.881
08.08.2014;67,0304;67,0304;66,3398;66,6289;518;34.520
07.08.2014;66,3238;66,3238;66,0427;66,0427;253;16.697
04.08.2014;66,4041;66,4041;66,4041;66,4041;0;0
03.08.2014;66,3559;66,5245;66,3559;66,4924;66;4.389
02.08.2014;66,4844;66,942;66,4041;66,942;56;3.752
01.08.2014;66,4844;66,4844;66,4844;66,4844;0;0
